"name","file","start_line","end_line","param_name","param_type"
"__init__","helpers/utils.py",88,88,"text","Any"
"__init__","helpers/utils.py",88,88,"self","Any"
"__init__","helpers/utils.py",88,88,"othertext","Any"
"__init__","helpers/separate_request.py",6,6,"request","Attribute"
"__init__","helpers/separate_request.py",6,6,"self","Any"
"__getitem__","helpers/utils.py",91,91,"index","Any"
"__getitem__","helpers/utils.py",91,91,"self","Any"
"escape_for_html","helpers/utils.py",42,42,"s","str"
"init","testcode/BenchmarkTest00237.py",21,21,"app","Any"
"init","testcode/BenchmarkTest01012.py",21,21,"app","Any"
"init","testcode/BenchmarkTest00956.py",21,21,"app","Any"
"init","testcode/BenchmarkTest00334.py",21,21,"app","Any"
"init","testcode/BenchmarkTest01193.py",21,21,"app","Any"
"init","testcode/BenchmarkTest00580.py",21,21,"app","Any"
"init","testcode/BenchmarkTest00398.py",21,21,"app","Any"
"init","testcode/BenchmarkTest00171.py",21,21,"app","Any"
"init","testcode/BenchmarkTest00676.py",21,21,"app","Any"
"init","testcode/BenchmarkTest01040.py",21,21,"app","Any"
"init","testcode/BenchmarkTest00511.py",21,21,"app","Any"
"init","testcode/BenchmarkTest00266.py",21,21,"app","Any"
"init","testcode/BenchmarkTest01175.py",21,21,"app","Any"
"init","testcode/BenchmarkTest00975.py",21,21,"app","Any"
"init","testcode/BenchmarkTest00208.py",21,21,"app","Any"
"init","testcode/BenchmarkTest01069.py",21,21,"app","Any"
"init","testcode/BenchmarkTest01048.py",21,21,"app","Any"
"init","testcode/BenchmarkTest00368.py",21,21,"app","Any"
"init","testcode/BenchmarkTest00036.py",21,21,"app","Any"
"init","testcode/BenchmarkTest00496.py",21,21,"app","Any"
"init","testcode/BenchmarkTest00693.py",21,21,"app","Any"
"init","testcode/BenchmarkTest00712.py",21,21,"app","Any"
"init","testcode/BenchmarkTest01223.py",21,21,"app","Any"
"init","testcode/BenchmarkTest00734.py",21,21,"app","Any"
"init","testcode/BenchmarkTest00336.py",21,21,"app","Any"
"init","testcode/BenchmarkTest00675.py",21,21,"app","Any"
"init","testcode/BenchmarkTest00685.py",21,21,"app","Any"
"init","testcode/BenchmarkTest01055.py",21,21,"app","Any"
"init","testcode/BenchmarkTest00177.py",21,21,"app","Any"
"init","testcode/BenchmarkTest00131.py",21,21,"app","Any"
"init","testcode/BenchmarkTest00324.py",21,21,"app","Any"
"init","testcode/BenchmarkTest01018.py",21,21,"app","Any"
"init","testcode/BenchmarkTest00769.py",21,21,"app","Any"
"init","testcode/BenchmarkTest00058.py",21,21,"app","Any"
"init","testcode/BenchmarkTest00303.py",21,21,"app","Any"
"init","testcode/BenchmarkTest00308.py",21,21,"app","Any"
"init","testcode/BenchmarkTest00491.py",21,21,"app","Any"
"init","testcode/BenchmarkTest01185.py",21,21,"app","Any"
"init","testcode/BenchmarkTest00088.py",21,21,"app","Any"
"init","testcode/BenchmarkTest00902.py",21,21,"app","Any"
"init","testcode/BenchmarkTest00978.py",21,21,"app","Any"
"init","testcode/BenchmarkTest00413.py",21,21,"app","Any"
"init","testcode/BenchmarkTest00352.py",21,21,"app","Any"
"init","testcode/BenchmarkTest00609.py",21,21,"app","Any"
"init","testcode/BenchmarkTest01004.py",21,21,"app","Any"
"init","testcode/BenchmarkTest01047.py",21,21,"app","Any"
"init","testcode/BenchmarkTest00619.py",21,21,"app","Any"
"init","testcode/BenchmarkTest00281.py",21,21,"app","Any"
"init","testcode/BenchmarkTest00289.py",21,21,"app","Any"
"init","testcode/BenchmarkTest00282.py",21,21,"app","Any"
"init","testcode/BenchmarkTest01184.py",21,21,"app","Any"
"init","testcode/BenchmarkTest01086.py",21,21,"app","Any"
"init","testcode/BenchmarkTest01072.py",21,21,"app","Any"
"init","testcode/BenchmarkTest00379.py",21,21,"app","Any"
"init","testcode/BenchmarkTest00944.py",21,21,"app","Any"
"init","testcode/BenchmarkTest00167.py",21,21,"app","Any"
"init","testcode/BenchmarkTest00014.py",21,21,"app","Any"
"init","testcode/BenchmarkTest00111.py",21,21,"app","Any"
"init","testcode/BenchmarkTest00366.py",21,21,"app","Any"
"init","testcode/BenchmarkTest00191.py",21,21,"app","Any"
"init","testcode/BenchmarkTest00897.py",21,21,"app","Any"
"init","testcode/BenchmarkTest01177.py",21,21,"app","Any"
"init","testcode/BenchmarkTest00376.py",21,21,"app","Any"
"init","testcode/BenchmarkTest00854.py",21,21,"app","Any"
"init","testcode/BenchmarkTest00915.py",21,21,"app","Any"
"init","testcode/BenchmarkTest00120.py",21,21,"app","Any"
"init","testcode/BenchmarkTest00632.py",21,21,"app","Any"
"init","testcode/BenchmarkTest00896.py",21,21,"app","Any"
"init","testcode/BenchmarkTest01077.py",21,21,"app","Any"
"init","testcode/BenchmarkTest00197.py",21,21,"app","Any"
"init","testcode/BenchmarkTest00435.py",21,21,"app","Any"
"init","testcode/BenchmarkTest00416.py",21,21,"app","Any"
"init","testcode/BenchmarkTest01107.py",21,21,"app","Any"
"init","testcode/BenchmarkTest00816.py",21,21,"app","Any"
"init","testcode/BenchmarkTest00554.py",21,21,"app","Any"
"init","testcode/BenchmarkTest01103.py",21,21,"app","Any"
"init","testcode/BenchmarkTest00728.py",21,21,"app","Any"
"init","testcode/BenchmarkTest00526.py",21,21,"app","Any"
"init","testcode/BenchmarkTest00010.py",21,21,"app","Any"
"init","testcode/BenchmarkTest01221.py",21,21,"app","Any"
"init","testcode/BenchmarkTest00856.py",21,21,"app","Any"
"init","testcode/BenchmarkTest00542.py",21,21,"app","Any"
"init","testcode/BenchmarkTest00924.py",21,21,"app","Any"
"init","testcode/BenchmarkTest00307.py",21,21,"app","Any"
"init","testcode/BenchmarkTest00699.py",21,21,"app","Any"
"init","testcode/BenchmarkTest00891.py",21,21,"app","Any"
"init","testcode/BenchmarkTest00448.py",21,21,"app","Any"
"init","testcode/BenchmarkTest01192.py",21,21,"app","Any"
"init","testcode/BenchmarkTest00228.py",21,21,"app","Any"
"init","testcode/BenchmarkTest00089.py",21,21,"app","Any"
"init","testcode/BenchmarkTest01219.py",21,21,"app","Any"
"init","testcode/BenchmarkTest00997.py",21,21,"app","Any"
"init","testcode/BenchmarkTest00118.py",21,21,"app","Any"
"init","testcode/BenchmarkTest00540.py",21,21,"app","Any"
"init","testcode/BenchmarkTest00875.py",21,21,"app","Any"
"init","testcode/BenchmarkTest00046.py",21,21,"app","Any"
"init","testcode/BenchmarkTest00810.py",21,21,"app","Any"
"init","testcode/BenchmarkTest00722.py",21,21,"app","Any"
"init","testcode/BenchmarkTest00615.py",21,21,"app","Any"
"init","testcode/BenchmarkTest00602.py",21,21,"app","Any"
"init","testcode/BenchmarkTest00066.py",21,21,"app","Any"
"init","testcode/BenchmarkTest00274.py",21,21,"app","Any"
"init","testcode/BenchmarkTest01209.py",21,21,"app","Any"
"init","testcode/BenchmarkTest00625.py",21,21,"app","Any"
"init","testcode/BenchmarkTest00914.py",21,21,"app","Any"
"init","testcode/BenchmarkTest00633.py",21,21,"app","Any"
"init","testcode/BenchmarkTest01063.py",21,21,"app","Any"
"init","testcode/BenchmarkTest00906.py",21,21,"app","Any"
"init","testcode/BenchmarkTest00329.py",21,21,"app","Any"
"init","testcode/BenchmarkTest00168.py",21,21,"app","Any"
"init","testcode/BenchmarkTest01095.py",21,21,"app","Any"
"init","testcode/BenchmarkTest00470.py",21,21,"app","Any"
"init","testcode/BenchmarkTest00123.py",21,21,"app","Any"
"init","testcode/BenchmarkTest00958.py",21,21,"app","Any"
"init","testcode/BenchmarkTest00377.py",21,21,"app","Any"
"init","testcode/BenchmarkTest01227.py",21,21,"app","Any"
"init","testcode/BenchmarkTest01216.py",21,21,"app","Any"
"init","testcode/BenchmarkTest01015.py",21,21,"app","Any"
"init","testcode/BenchmarkTest00672.py",21,21,"app","Any"
"init","testcode/BenchmarkTest00440.py",21,21,"app","Any"
"init","testcode/BenchmarkTest00418.py",21,21,"app","Any"
"init","testcode/BenchmarkTest01105.py",21,21,"app","Any"
"init","testcode/BenchmarkTest00042.py",21,21,"app","Any"
"init","testcode/BenchmarkTest01025.py",21,21,"app","Any"
"init","testcode/BenchmarkTest00529.py",21,21,"app","Any"
"init","testcode/BenchmarkTest00735.py",21,21,"app","Any"
"init","testcode/BenchmarkTest01228.py",21,21,"app","Any"
"init","testcode/BenchmarkTest00681.py",21,21,"app","Any"
"init","testcode/BenchmarkTest00073.py",21,21,"app","Any"
"init","testcode/BenchmarkTest00808.py",21,21,"app","Any"
"init","testcode/BenchmarkTest00627.py",21,21,"app","Any"
"init","testcode/BenchmarkTest01155.py",21,21,"app","Any"
"init","testcode/BenchmarkTest00790.py",21,21,"app","Any"
"init","testcode/BenchmarkTest00132.py",21,21,"app","Any"
"init","testcode/BenchmarkTest00020.py",21,21,"app","Any"
"init","testcode/BenchmarkTest00483.py",21,21,"app","Any"
"init","testcode/BenchmarkTest01131.py",21,21,"app","Any"
"init","testcode/BenchmarkTest00524.py",21,21,"app","Any"
"init","testcode/BenchmarkTest00648.py",21,21,"app","Any"
"init","testcode/BenchmarkTest00880.py",21,21,"app","Any"
"init","testcode/BenchmarkTest00021.py",21,21,"app","Any"
"init","testcode/BenchmarkTest00727.py",21,21,"app","Any"
"init","testcode/BenchmarkTest00707.py",21,21,"app","Any"
"init","testcode/BenchmarkTest00068.py",21,21,"app","Any"
"init","testcode/BenchmarkTest00339.py",21,21,"app","Any"
"init","testcode/BenchmarkTest01179.py",21,21,"app","Any"
"init","testcode/BenchmarkTest00828.py",21,21,"app","Any"
"init","testcode/BenchmarkTest00786.py",21,21,"app","Any"
"init","testcode/BenchmarkTest00773.py",21,21,"app","Any"
"init","testcode/BenchmarkTest00952.py",21,21,"app","Any"
"init","testcode/BenchmarkTest00192.py",21,21,"app","Any"
"init","testcode/BenchmarkTest00441.py",21,21,"app","Any"
"init","testcode/BenchmarkTest00584.py",21,21,"app","Any"
"init","testcode/BenchmarkTest00846.py",21,21,"app","Any"
"init","testcode/BenchmarkTest01092.py",21,21,"app","Any"
"init","testcode/BenchmarkTest00133.py",21,21,"app","Any"
"init","testcode/BenchmarkTest00642.py",21,21,"app","Any"
"init","testcode/BenchmarkTest00499.py",21,21,"app","Any"
"init","testcode/BenchmarkTest01116.py",21,21,"app","Any"
"init","testcode/BenchmarkTest00422.py",21,21,"app","Any"
"init","testcode/BenchmarkTest00098.py",21,21,"app","Any"
"init","testcode/BenchmarkTest00459.py",21,21,"app","Any"
"init","testcode/BenchmarkTest00950.py",21,21,"app","Any"
"init","testcode/BenchmarkTest00328.py",21,21,"app","Any"
"init","testcode/BenchmarkTest01137.py",21,21,"app","Any"
"init","testcode/BenchmarkTest00796.py",21,21,"app","Any"
"init","testcode/BenchmarkTest00752.py",21,21,"app","Any"
"init","testcode/BenchmarkTest01181.py",21,21,"app","Any"
"init","testcode/BenchmarkTest00253.py",21,21,"app","Any"
"init","testcode/BenchmarkTest00443.py",21,21,"app","Any"
"init","testcode/BenchmarkTest00362.py",21,21,"app","Any"
"init","testcode/BenchmarkTest01023.py",21,21,"app","Any"
"init","testcode/BenchmarkTest01226.py",21,21,"app","Any"
"init","testcode/BenchmarkTest00250.py",21,21,"app","Any"
"init","testcode/BenchmarkTest00921.py",21,21,"app","Any"
"init","testcode/BenchmarkTest00783.py",21,21,"app","Any"
"init","testcode/BenchmarkTest00600.py",21,21,"app","Any"
"init","testcode/BenchmarkTest00350.py",21,21,"app","Any"
"init","testcode/BenchmarkTest01124.py",21,21,"app","Any"
"init","testcode/BenchmarkTest00818.py",21,21,"app","Any"
"init","testcode/BenchmarkTest00622.py",21,21,"app","Any"
"init","testcode/BenchmarkTest00305.py",21,21,"app","Any"
"init","testcode/BenchmarkTest00259.py",21,21,"app","Any"
"init","testcode/BenchmarkTest00157.py",21,21,"app","Any"
"init","testcode/BenchmarkTest00547.py",21,21,"app","Any"
"init","testcode/BenchmarkTest01067.py",21,21,"app","Any"
"init","testcode/BenchmarkTest00047.py",21,21,"app","Any"
"init","testcode/BenchmarkTest00110.py",21,21,"app","Any"
"init","testcode/BenchmarkTest00879.py",21,21,"app","Any"
"init","testcode/BenchmarkTest00598.py",21,21,"app","Any"
"init","testcode/BenchmarkTest01079.py",21,21,"app","Any"
"init","testcode/BenchmarkTest00315.py",21,21,"app","Any"
"init","testcode/BenchmarkTest01036.py",21,21,"app","Any"
"init","testcode/BenchmarkTest00121.py",21,21,"app","Any"
"init","testcode/BenchmarkTest01170.py",21,21,"app","Any"
"init","testcode/BenchmarkTest00080.py",21,21,"app","Any"
"init","testcode/BenchmarkTest00378.py",21,21,"app","Any"
"init","testcode/BenchmarkTest01038.py",21,21,"app","Any"
"init","testcode/BenchmarkTest00065.py",21,21,"app","Any"
"init","testcode/BenchmarkTest00559.py",21,21,"app","Any"
"init","testcode/BenchmarkTest00288.py",21,21,"app","Any"
"init","testcode/BenchmarkTest00340.py",21,21,"app","Any"
"init","testcode/BenchmarkTest00843.py",21,21,"app","Any"
"init","testcode/BenchmarkTest00181.py",21,21,"app","Any"
"init","testcode/BenchmarkTest00751.py",21,21,"app","Any"
"init","testcode/BenchmarkTest00930.py",21,21,"app","Any"
"init","testcode/BenchmarkTest00981.py",21,21,"app","Any"
"init","testcode/BenchmarkTest00003.py",21,21,"app","Any"
"init","testcode/BenchmarkTest00789.py",21,21,"app","Any"
"init","testcode/BenchmarkTest00035.py",21,21,"app","Any"
"init","testcode/BenchmarkTest01070.py",21,21,"app","Any"
"init","testcode/BenchmarkTest00784.py",21,21,"app","Any"
"init","testcode/BenchmarkTest00330.py",21,21,"app","Any"
"init","testcode/BenchmarkTest00566.py",21,21,"app","Any"
"init","testcode/BenchmarkTest00999.py",21,21,"app","Any"
"init","testcode/BenchmarkTest01046.py",21,21,"app","Any"
"init","testcode/BenchmarkTest00512.py",21,21,"app","Any"
"init","testcode/BenchmarkTest00463.py",21,21,"app","Any"
"init","testcode/BenchmarkTest00201.py",21,21,"app","Any"
"init","testcode/BenchmarkTest00569.py",21,21,"app","Any"
"init","testcode/BenchmarkTest00170.py",21,21,"app","Any"
"init","testcode/BenchmarkTest00203.py",21,21,"app","Any"
"init","testcode/BenchmarkTest00556.py",21,21,"app","Any"
"init","testcode/BenchmarkTest00447.py",21,21,"app","Any"
"init","testcode/BenchmarkTest00057.py",21,21,"app","Any"
"init","testcode/BenchmarkTest01125.py",21,21,"app","Any"
"init","testcode/BenchmarkTest00374.py",21,21,"app","Any"
"init","testcode/BenchmarkTest00301.py",21,21,"app","Any"
"init","testcode/BenchmarkTest00390.py",21,21,"app","Any"
"init","testcode/BenchmarkTest00017.py",21,21,"app","Any"
"init","testcode/BenchmarkTest01109.py",21,21,"app","Any"
"init","testcode/BenchmarkTest00889.py",21,21,"app","Any"
"init","testcode/BenchmarkTest00415.py",21,21,"app","Any"
"init","testcode/BenchmarkTest00465.py",21,21,"app","Any"
"init","testcode/BenchmarkTest00972.py",21,21,"app","Any"
"init","testcode/BenchmarkTest00662.py",21,21,"app","Any"
"init","testcode/BenchmarkTest00127.py",21,21,"app","Any"
"init","testcode/BenchmarkTest01102.py",21,21,"app","Any"
"init","testcode/BenchmarkTest00541.py",21,21,"app","Any"
"init","testcode/BenchmarkTest00738.py",21,21,"app","Any"
"init","testcode/BenchmarkTest00386.py",21,21,"app","Any"
"init","testcode/BenchmarkTest00367.py",21,21,"app","Any"
"init","testcode/BenchmarkTest00876.py",21,21,"app","Any"
"init","testcode/BenchmarkTest00833.py",21,21,"app","Any"
"init","testcode/BenchmarkTest00081.py",21,21,"app","Any"
"init","testcode/BenchmarkTest00957.py",21,21,"app","Any"
"init","testcode/BenchmarkTest00433.py",21,21,"app","Any"
"init","testcode/BenchmarkTest00658.py",21,21,"app","Any"
"init","testcode/BenchmarkTest00550.py",21,21,"app","Any"
"init","testcode/BenchmarkTest00965.py",21,21,"app","Any"
"init","testcode/BenchmarkTest00684.py",21,21,"app","Any"
"init","testcode/BenchmarkTest00136.py",21,21,"app","Any"
"init","testcode/BenchmarkTest00139.py",21,21,"app","Any"
"init","testcode/BenchmarkTest00887.py",21,21,"app","Any"
"init","testcode/BenchmarkTest00555.py",21,21,"app","Any"
"init","testcode/BenchmarkTest00296.py",21,21,"app","Any"
"init","testcode/BenchmarkTest00599.py",21,21,"app","Any"
"init","testcode/BenchmarkTest01030.py",21,21,"app","Any"
"init","testcode/BenchmarkTest00184.py",21,21,"app","Any"
"init","testcode/BenchmarkTest00294.py",21,21,"app","Any"
"init","testcode/BenchmarkTest00872.py",21,21,"app","Any"
"init","testcode/BenchmarkTest00663.py",21,21,"app","Any"
"init","testcode/BenchmarkTest00772.py",21,21,"app","Any"
"init","testcode/BenchmarkTest00049.py",21,21,"app","Any"
"init","testcode/BenchmarkTest01207.py",21,21,"app","Any"
"init","testcode/BenchmarkTest00553.py",21,21,"app","Any"
"init","testcode/BenchmarkTest00507.py",21,21,"app","Any"
"init","testcode/BenchmarkTest00396.py",21,21,"app","Any"
"init","testcode/BenchmarkTest00807.py",21,21,"app","Any"
"init","testcode/BenchmarkTest01001.py",21,21,"app","Any"
"init","testcode/BenchmarkTest00145.py",21,21,"app","Any"
"init","testcode/BenchmarkTest00198.py",21,21,"app","Any"
"init","testcode/BenchmarkTest00384.py",21,21,"app","Any"
"init","testcode/BenchmarkTest00332.py",21,21,"app","Any"
"init","testcode/BenchmarkTest00655.py",21,21,"app","Any"
"init","testcode/BenchmarkTest01156.py",21,21,"app","Any"
"init","testcode/BenchmarkTest00886.py",21,21,"app","Any"
"init","testcode/BenchmarkTest00868.py",21,21,"app","Any"
"init","testcode/BenchmarkTest00004.py",21,21,"app","Any"
"init","testcode/BenchmarkTest00467.py",21,21,"app","Any"
"init","testcode/BenchmarkTest01042.py",21,21,"app","Any"
"init","testcode/BenchmarkTest00977.py",21,21,"app","Any"
"init","testcode/BenchmarkTest00427.py",21,21,"app","Any"
"init","testcode/BenchmarkTest00472.py",21,21,"app","Any"
"init","testcode/BenchmarkTest00919.py",21,21,"app","Any"
"init","testcode/BenchmarkTest00493.py",21,21,"app","Any"
"init","testcode/BenchmarkTest00502.py",21,21,"app","Any"
"init","testcode/BenchmarkTest00464.py",21,21,"app","Any"
"init","testcode/BenchmarkTest01014.py",21,21,"app","Any"
"init","testcode/BenchmarkTest00202.py",21,21,"app","Any"
"init","testcode/BenchmarkTest00358.py",21,21,"app","Any"
"init","testcode/BenchmarkTest01163.py",21,21,"app","Any"
"init","testcode/BenchmarkTest01142.py",21,21,"app","Any"
"init","testcode/BenchmarkTest00901.py",21,21,"app","Any"
"init","testcode/BenchmarkTest01178.py",21,21,"app","Any"
"init","testcode/BenchmarkTest00572.py",21,21,"app","Any"
"init","testcode/BenchmarkTest00485.py",21,21,"app","Any"
"init","testcode/BenchmarkTest00436.py",21,21,"app","Any"
"init","testcode/BenchmarkTest00736.py",21,21,"app","Any"
"init","testcode/BenchmarkTest00375.py",21,21,"app","Any"
"init","testcode/BenchmarkTest01098.py",21,21,"app","Any"
"init","testcode/BenchmarkTest00537.py",21,21,"app","Any"
"init","testcode/BenchmarkTest00400.py",21,21,"app","Any"
"init","testcode/BenchmarkTest00994.py",21,21,"app","Any"
"init","testcode/BenchmarkTest00338.py",21,21,"app","Any"
"init","testcode/BenchmarkTest00040.py",21,21,"app","Any"
"init","testcode/BenchmarkTest00187.py",21,21,"app","Any"
"init","testcode/BenchmarkTest00359.py",21,21,"app","Any"
"init","testcode/BenchmarkTest00453.py",21,21,"app","Any"
"init","testcode/BenchmarkTest00476.py",21,21,"app","Any"
"init","testcode/BenchmarkTest00634.py",21,21,"app","Any"
"init","testcode/BenchmarkTest00452.py",21,21,"app","Any"
"init","testcode/BenchmarkTest00669.py",21,21,"app","Any"
"init","testcode/BenchmarkTest00820.py",21,21,"app","Any"
"init","testcode/BenchmarkTest01054.py",21,21,"app","Any"
"init","testcode/BenchmarkTest00931.py",21,21,"app","Any"
"init","testcode/BenchmarkTest00243.py",21,21,"app","Any"
"init","testcode/BenchmarkTest01130.py",21,21,"app","Any"
"init","testcode/BenchmarkTest00980.py",21,21,"app","Any"
"init","testcode/BenchmarkTest00941.py",21,21,"app","Any"
"init","testcode/BenchmarkTest01112.py",21,21,"app","Any"
"init","testcode/BenchmarkTest00273.py",21,21,"app","Any"
"init","testcode/BenchmarkTest01090.py",21,21,"app","Any"
"init","testcode/BenchmarkTest00635.py",21,21,"app","Any"
"init","testcode/BenchmarkTest01101.py",21,21,"app","Any"
"init","testcode/BenchmarkTest00117.py",21,21,"app","Any"
"init","testcode/BenchmarkTest01194.py",21,21,"app","Any"
"init","testcode/BenchmarkTest00643.py",21,21,"app","Any"
"init","testcode/BenchmarkTest00037.py",21,21,"app","Any"
"init","testcode/BenchmarkTest00075.py",21,21,"app","Any"
"init","testcode/BenchmarkTest00923.py",21,21,"app","Any"
"init","testcode/BenchmarkTest00388.py",21,21,"app","Any"
"init","testcode/BenchmarkTest00653.py",21,21,"app","Any"
"init","testcode/BenchmarkTest00346.py",21,21,"app","Any"
"init","testcode/BenchmarkTest00100.py",21,21,"app","Any"
"init","testcode/BenchmarkTest00164.py",21,21,"app","Any"
"init","testcode/BenchmarkTest00401.py",21,21,"app","Any"
"init","testcode/BenchmarkTest00344.py",21,21,"app","Any"
"init","testcode/BenchmarkTest00494.py",21,21,"app","Any"
"init","testcode/BenchmarkTest01199.py",21,21,"app","Any"
"init","testcode/BenchmarkTest00729.py",21,21,"app","Any"
"init","testcode/BenchmarkTest00654.py",21,21,"app","Any"
"init","testcode/BenchmarkTest01034.py",21,21,"app","Any"
"init","testcode/BenchmarkTest00611.py",21,21,"app","Any"
"init","testcode/BenchmarkTest00766.py",21,21,"app","Any"
"init","testcode/BenchmarkTest00899.py",21,21,"app","Any"
"init","testcode/BenchmarkTest00987.py",21,21,"app","Any"
"init","testcode/BenchmarkTest00262.py",21,21,"app","Any"
"init","testcode/BenchmarkTest00973.py",21,21,"app","Any"
"init","testcode/BenchmarkTest00310.py",21,21,"app","Any"
"init","testcode/BenchmarkTest01089.py",21,21,"app","Any"
"init","testcode/BenchmarkTest00993.py",21,21,"app","Any"
"init","testcode/BenchmarkTest00775.py",21,21,"app","Any"
"init","testcode/BenchmarkTest00665.py",21,21,"app","Any"
"init","testcode/BenchmarkTest00414.py",21,21,"app","Any"
"init","testcode/BenchmarkTest00481.py",21,21,"app","Any"
"init","testcode/BenchmarkTest00760.py",21,21,"app","Any"
"init","testcode/BenchmarkTest00205.py",21,21,"app","Any"
"init","testcode/BenchmarkTest01062.py",21,21,"app","Any"
"init","testcode/BenchmarkTest00091.py",21,21,"app","Any"
"init","testcode/BenchmarkTest01008.py",21,21,"app","Any"
"init","testcode/BenchmarkTest00618.py",21,21,"app","Any"
"init","testcode/BenchmarkTest00200.py",21,21,"app","Any"
"init","testcode/BenchmarkTest00865.py",21,21,"app","Any"
"init","testcode/BenchmarkTest00705.py",21,21,"app","Any"
"init","testcode/BenchmarkTest01088.py",21,21,"app","Any"
"init","testcode/BenchmarkTest00829.py",21,21,"app","Any"
"init","testcode/BenchmarkTest00423.py",21,21,"app","Any"
"init","testcode/BenchmarkTest00745.py",21,21,"app","Any"
"init","testcode/BenchmarkTest00673.py",21,21,"app","Any"
"init","testcode/BenchmarkTest01187.py",21,21,"app","Any"
"init","testcode/BenchmarkTest00787.py",21,21,"app","Any"
"init","testcode/BenchmarkTest00812.py",21,21,"app","Any"
"init","testcode/BenchmarkTest01188.py",21,21,"app","Any"
"init","testcode/BenchmarkTest00970.py",21,21,"app","Any"
"init","testcode/BenchmarkTest00593.py",21,21,"app","Any"
"init","testcode/BenchmarkTest00263.py",21,21,"app","Any"
"init","testcode/BenchmarkTest00995.py",21,21,"app","Any"
"init","testcode/BenchmarkTest00325.py",21,21,"app","Any"
"init","testcode/BenchmarkTest00850.py",21,21,"app","Any"
"init","testcode/BenchmarkTest00275.py",21,21,"app","Any"
"init","testcode/BenchmarkTest00097.py",21,21,"app","Any"
"init","testcode/BenchmarkTest00946.py",21,21,"app","Any"
"init","testcode/BenchmarkTest00780.py",21,21,"app","Any"
"init","testcode/BenchmarkTest00762.py",21,21,"app","Any"
"init","testcode/BenchmarkTest00122.py",21,21,"app","Any"
"init","testcode/BenchmarkTest00612.py",21,21,"app","Any"
"init","testcode/BenchmarkTest01212.py",21,21,"app","Any"
"init","testcode/BenchmarkTest00222.py",21,21,"app","Any"
"init","testcode/BenchmarkTest00940.py",21,21,"app","Any"
"init","testcode/BenchmarkTest00863.py",21,21,"app","Any"
"init","testcode/BenchmarkTest00591.py",21,21,"app","Any"
"init","testcode/BenchmarkTest00774.py",21,21,"app","Any"
"init","testcode/BenchmarkTest00710.py",21,21,"app","Any"
"init","testcode/BenchmarkTest01172.py",21,21,"app","Any"
"init","testcode/BenchmarkTest01035.py",21,21,"app","Any"
"init","testcode/BenchmarkTest00805.py",21,21,"app","Any"
"init","testcode/BenchmarkTest00327.py",21,21,"app","Any"
"init","testcode/BenchmarkTest00473.py",21,21,"app","Any"
"init","testcode/BenchmarkTest00720.py",21,21,"app","Any"
"init","testcode/BenchmarkTest00206.py",21,21,"app","Any"
"init","testcode/BenchmarkTest00321.py",21,21,"app","Any"
"init","testcode/BenchmarkTest00947.py",21,21,"app","Any"
"init","testcode/BenchmarkTest01208.py",21,21,"app","Any"
"init","testcode/BenchmarkTest01171.py",21,21,"app","Any"
"init","testcode/BenchmarkTest00656.py",21,21,"app","Any"
"init","testcode/BenchmarkTest00521.py",21,21,"app","Any"
"init","testcode/BenchmarkTest00152.py",21,21,"app","Any"
"init","testcode/BenchmarkTest00355.py",21,21,"app","Any"
"init","testcode/BenchmarkTest00016.py",21,21,"app","Any"
"init","testcode/BenchmarkTest01218.py",21,21,"app","Any"
"init","testcode/BenchmarkTest00245.py",21,21,"app","Any"
"init","testcode/BenchmarkTest00163.py",21,21,"app","Any"
"init","testcode/BenchmarkTest00506.py",21,21,"app","Any"
"init","testcode/BenchmarkTest00768.py",21,21,"app","Any"
"init","testcode/BenchmarkTest00651.py",21,21,"app","Any"
"init","testcode/BenchmarkTest00671.py",21,21,"app","Any"
"init","testcode/BenchmarkTest00244.py",21,21,"app","Any"
"init","testcode/BenchmarkTest00142.py",21,21,"app","Any"
"init","testcode/BenchmarkTest00793.py",21,21,"app","Any"
"init","testcode/BenchmarkTest00239.py",21,21,"app","Any"
"init","testcode/BenchmarkTest00277.py",21,21,"app","Any"
"init","testcode/BenchmarkTest00878.py",21,21,"app","Any"
"init","testcode/BenchmarkTest00644.py",21,21,"app","Any"
"init","testcode/BenchmarkTest00455.py",21,21,"app","Any"
"init","testcode/BenchmarkTest01066.py",21,21,"app","Any"
"init","testcode/BenchmarkTest00708.py",21,21,"app","Any"
"init","testcode/BenchmarkTest00544.py",21,21,"app","Any"
"init","testcode/BenchmarkTest00107.py",21,21,"app","Any"
"init","testcode/BenchmarkTest00490.py",21,21,"app","Any"
"init","testcode/BenchmarkTest00576.py",21,21,"app","Any"
"init","testcode/BenchmarkTest00280.py",21,21,"app","Any"
"init","testcode/BenchmarkTest00508.py",21,21,"app","Any"
"init","testcode/BenchmarkTest00884.py",21,21,"app","Any"
"init","testcode/BenchmarkTest00614.py",21,21,"app","Any"
"init","testcode/BenchmarkTest00894.py",21,21,"app","Any"
"init","testcode/BenchmarkTest00064.py",21,21,"app","Any"
"init","testcode/BenchmarkTest00276.py",21,21,"app","Any"
"init","testcode/BenchmarkTest00933.py",21,21,"app","Any"
"init","testcode/BenchmarkTest00582.py",21,21,"app","Any"
"init","testcode/BenchmarkTest01195.py",21,21,"app","Any"
"init","testcode/BenchmarkTest00831.py",21,21,"app","Any"
"init","testcode/BenchmarkTest01051.py",21,21,"app","Any"
"init","testcode/BenchmarkTest01058.py",21,21,"app","Any"
"init","testcode/BenchmarkTest00666.py",21,21,"app","Any"
"init","testcode/BenchmarkTest00420.py",21,21,"app","Any"
"init","testcode/BenchmarkTest00779.py",21,21,"app","Any"
"init","testcode/BenchmarkTest00261.py",21,21,"app","Any"
"init","testcode/BenchmarkTest00641.py",21,21,"app","Any"
"init","testcode/BenchmarkTest00848.py",21,21,"app","Any"
"init","testcode/BenchmarkTest01041.py",21,21,"app","Any"
"init","testcode/BenchmarkTest01174.py",21,21,"app","Any"
"init","testcode/BenchmarkTest01164.py",21,21,"app","Any"
"init","testcode/BenchmarkTest00892.py",21,21,"app","Any"
"init","testcode/BenchmarkTest00268.py",21,21,"app","Any"
"init","testcode/BenchmarkTest00025.py",21,21,"app","Any"
"init","testcode/BenchmarkTest01197.py",21,21,"app","Any"
"init","testcode/BenchmarkTest00747.py",21,21,"app","Any"
"init","testcode/BenchmarkTest01044.py",21,21,"app","Any"
"init","testcode/BenchmarkTest01050.py",21,21,"app","Any"
"init","testcode/BenchmarkTest00238.py",21,21,"app","Any"
"init","testcode/BenchmarkTest00951.py",21,21,"app","Any"
"init","testcode/BenchmarkTest00851.py",21,21,"app","Any"
"init","testcode/BenchmarkTest01140.py",21,21,"app","Any"
"init","testcode/BenchmarkTest00175.py",21,21,"app","Any"
"init","testcode/BenchmarkTest00912.py",21,21,"app","Any"
"init","testcode/BenchmarkTest00290.py",21,21,"app","Any"
"init","testcode/BenchmarkTest00172.py",21,21,"app","Any"
"init","testcode/BenchmarkTest00964.py",21,21,"app","Any"
"init","testcode/BenchmarkTest00519.py",21,21,"app","Any"
"init","testcode/BenchmarkTest00215.py",21,21,"app","Any"
"init","testcode/BenchmarkTest00424.py",21,21,"app","Any"
"init","testcode/BenchmarkTest00531.py",21,21,"app","Any"
"init","testcode/BenchmarkTest01162.py",21,21,"app","Any"
"init","testcode/BenchmarkTest01213.py",21,21,"app","Any"
"init","testcode/BenchmarkTest00992.py",21,21,"app","Any"
"init","testcode/BenchmarkTest01169.py",21,21,"app","Any"
"init","testcode/BenchmarkTest00522.py",21,21,"app","Any"
"init","testcode/BenchmarkTest00613.py",21,21,"app","Any"
"init","testcode/BenchmarkTest00180.py",21,21,"app","Any"
"init","testcode/BenchmarkTest00670.py",21,21,"app","Any"
"init","testcode/BenchmarkTest00832.py",21,21,"app","Any"
"init","testcode/BenchmarkTest00083.py",21,21,"app","Any"
"init","testcode/BenchmarkTest00706.py",21,21,"app","Any"
"init","testcode/BenchmarkTest00312.py",21,21,"app","Any"
"init","testcode/BenchmarkTest00216.py",21,21,"app","Any"
"init","testcode/BenchmarkTest00574.py",21,21,"app","Any"
"init","testcode/BenchmarkTest00895.py",21,21,"app","Any"
"init","testcode/BenchmarkTest00668.py",21,21,"app","Any"
"init","testcode/BenchmarkTest00830.py",21,21,"app","Any"
"init","testcode/BenchmarkTest00870.py",21,21,"app","Any"
"init","testcode/BenchmarkTest00525.py",21,21,"app","Any"
"init","testcode/BenchmarkTest00027.py",21,21,"app","Any"
"init","testcode/BenchmarkTest00839.py",21,21,"app","Any"
"init","testcode/BenchmarkTest00166.py",21,21,"app","Any"
"init","testcode/BenchmarkTest01230.py",21,21,"app","Any"
"init","testcode/BenchmarkTest00449.py",21,21,"app","Any"
"init","testcode/BenchmarkTest00183.py",21,21,"app","Any"
"init","testcode/BenchmarkTest01200.py",21,21,"app","Any"
"init","testcode/BenchmarkTest00226.py",21,21,"app","Any"
"init","testcode/BenchmarkTest00271.py",21,21,"app","Any"
"init","testcode/BenchmarkTest00039.py",21,21,"app","Any"
"init","testcode/BenchmarkTest01039.py",21,21,"app","Any"
"init","testcode/BenchmarkTest00095.py",21,21,"app","Any"
"init","testcode/BenchmarkTest00607.py",21,21,"app","Any"
"init","testcode/BenchmarkTest01229.py",21,21,"app","Any"
"init","testcode/BenchmarkTest00431.py",21,21,"app","Any"
"init","testcode/BenchmarkTest00911.py",21,21,"app","Any"
"init","testcode/BenchmarkTest00677.py",21,21,"app","Any"
"init","testcode/BenchmarkTest01198.py",21,21,"app","Any"
"init","testcode/BenchmarkTest00909.py",21,21,"app","Any"
"init","testcode/BenchmarkTest00788.py",21,21,"app","Any"
"init","testcode/BenchmarkTest01203.py",21,21,"app","Any"
"init","testcode/BenchmarkTest00683.py",21,21,"app","Any"
"init","testcode/BenchmarkTest01117.py",21,21,"app","Any"
"init","testcode/BenchmarkTest00026.py",21,21,"app","Any"
"init","testcode/BenchmarkTest00516.py",21,21,"app","Any"
"init","testcode/BenchmarkTest00874.py",21,21,"app","Any"
"init","testcode/BenchmarkTest00585.py",21,21,"app","Any"
"init","testcode/BenchmarkTest00840.py",21,21,"app","Any"
"init","testcode/BenchmarkTest00342.py",21,21,"app","Any"
"init","testcode/BenchmarkTest00103.py",21,21,"app","Any"
"init","testcode/BenchmarkTest00439.py",21,21,"app","Any"
"init","testcode/BenchmarkTest00692.py",21,21,"app","Any"
"init","testcode/BenchmarkTest00659.py",21,21,"app","Any"
"init","testcode/BenchmarkTest00285.py",21,21,"app","Any"
"init","testcode/BenchmarkTest01211.py",21,21,"app","Any"
"init","testcode/BenchmarkTest00090.py",21,21,"app","Any"
"init","testcode/BenchmarkTest00320.py",21,21,"app","Any"
"init","testcode/BenchmarkTest00446.py",21,21,"app","Any"
"init","testcode/BenchmarkTest00696.py",21,21,"app","Any"
"init","testcode/BenchmarkTest00771.py",21,21,"app","Any"
"init","testcode/BenchmarkTest00804.py",21,21,"app","Any"
"init","testcode/BenchmarkTest01028.py",21,21,"app","Any"
"init","testcode/BenchmarkTest00640.py",21,21,"app","Any"
"init","testcode/BenchmarkTest00903.py",21,21,"app","Any"
"init","testcode/BenchmarkTest00551.py",21,21,"app","Any"
"init","testcode/BenchmarkTest01002.py",21,21,"app","Any"
"init","testcode/BenchmarkTest00399.py",21,21,"app","Any"
"init","testcode/BenchmarkTest00005.py",21,21,"app","Any"
"init","testcode/BenchmarkTest00900.py",21,21,"app","Any"
"init","testcode/BenchmarkTest00011.py",21,21,"app","Any"
"init","testcode/BenchmarkTest00351.py",21,21,"app","Any"
"init","testcode/BenchmarkTest00412.py",21,21,"app","Any"
"init","testcode/BenchmarkTest00313.py",21,21,"app","Any"
"init","testcode/BenchmarkTest00137.py",21,21,"app","Any"
"init","testcode/BenchmarkTest00587.py",21,21,"app","Any"
"init","testcode/BenchmarkTest01159.py",21,21,"app","Any"
"init","testcode/BenchmarkTest00562.py",21,21,"app","Any"
"init","testcode/BenchmarkTest01122.py",21,21,"app","Any"
"init","testcode/BenchmarkTest00893.py",21,21,"app","Any"
"init","testcode/BenchmarkTest00979.py",21,21,"app","Any"
"init","testcode/BenchmarkTest01009.py",21,21,"app","Any"
"init","testcode/BenchmarkTest00116.py",21,21,"app","Any"
"init","testcode/BenchmarkTest01149.py",21,21,"app","Any"
"init","testcode/BenchmarkTest00106.py",21,21,"app","Any"
"init","testcode/BenchmarkTest00311.py",21,21,"app","Any"
"init","testcode/BenchmarkTest00112.py",21,21,"app","Any"
"init","testcode/BenchmarkTest00479.py",21,21,"app","Any"
"init","testcode/BenchmarkTest01113.py",21,21,"app","Any"
"init","testcode/BenchmarkTest00636.py",21,21,"app","Any"
"init","testcode/BenchmarkTest00756.py",21,21,"app","Any"
"init","testcode/BenchmarkTest00319.py",21,21,"app","Any"
"init","testcode/BenchmarkTest00637.py",21,21,"app","Any"
"init","testcode/BenchmarkTest00195.py",21,21,"app","Any"
"init","testcode/BenchmarkTest00505.py",21,21,"app","Any"
"init","testcode/BenchmarkTest00264.py",21,21,"app","Any"
"init","testcode/BenchmarkTest00022.py",21,21,"app","Any"
"init","testcode/BenchmarkTest00293.py",21,21,"app","Any"
"init","testcode/BenchmarkTest00193.py",21,21,"app","Any"
"init","testcode/BenchmarkTest00838.py",21,21,"app","Any"
"init","testcode/BenchmarkTest00354.py",21,21,"app","Any"
"init","testcode/BenchmarkTest00877.py",21,21,"app","Any"
"init","testcode/BenchmarkTest01191.py",21,21,"app","Any"
"init","testcode/BenchmarkTest00539.py",21,21,"app","Any"
"init","testcode/BenchmarkTest00686.py",21,21,"app","Any"
"init","testcode/BenchmarkTest00053.py",21,21,"app","Any"
"init","testcode/BenchmarkTest00257.py",21,21,"app","Any"
"init","testcode/BenchmarkTest01225.py",21,21,"app","Any"
"init","testcode/BenchmarkTest00758.py",21,21,"app","Any"
"init","testcode/BenchmarkTest00583.py",21,21,"app","Any"
"init","testcode/BenchmarkTest00917.py",21,21,"app","Any"
"init","testcode/BenchmarkTest00864.py",21,21,"app","Any"
"init","testcode/BenchmarkTest01031.py",21,21,"app","Any"
"init","testcode/BenchmarkTest00373.py",21,21,"app","Any"
"init","testcode/BenchmarkTest00709.py",21,21,"app","Any"
"init","testcode/BenchmarkTest00989.py",21,21,"app","Any"
"init","testcode/BenchmarkTest00737.py",21,21,"app","Any"
"init","testcode/BenchmarkTest00286.py",21,21,"app","Any"
"init","testcode/BenchmarkTest00939.py",21,21,"app","Any"
"init","testcode/BenchmarkTest00501.py",21,21,"app","Any"
"init","testcode/BenchmarkTest01151.py",21,21,"app","Any"
"init","testcode/BenchmarkTest00381.py",21,21,"app","Any"
"init","testcode/BenchmarkTest00590.py",21,21,"app","Any"
"init","testcode/BenchmarkTest00520.py",21,21,"app","Any"
"init","testcode/BenchmarkTest00096.py",21,21,"app","Any"
"init","testcode/BenchmarkTest00246.py",21,21,"app","Any"
"init","testcode/BenchmarkTest00256.py",21,21,"app","Any"
"init","testcode/BenchmarkTest00778.py",21,21,"app","Any"
"init","testcode/BenchmarkTest00990.py",21,21,"app","Any"
"init","testcode/BenchmarkTest00071.py",21,21,"app","Any"
"init","testcode/BenchmarkTest01144.py",21,21,"app","Any"
"init","testcode/BenchmarkTest00962.py",21,21,"app","Any"
"init","testcode/BenchmarkTest00837.py",21,21,"app","Any"
"init","testcode/BenchmarkTest01138.py",21,21,"app","Any"
"init","testcode/BenchmarkTest00144.py",21,21,"app","Any"
"init","testcode/BenchmarkTest00345.py",21,21,"app","Any"
"init","testcode/BenchmarkTest00855.py",21,21,"app","Any"
"init","testcode/BenchmarkTest00055.py",21,21,"app","Any"
"init","testcode/BenchmarkTest00943.py",21,21,"app","Any"
"init","testcode/BenchmarkTest01052.py",21,21,"app","Any"
"init","testcode/BenchmarkTest00603.py",21,21,"app","Any"
"init","testcode/BenchmarkTest00119.py",21,21,"app","Any"
"init","testcode/BenchmarkTest00402.py",21,21,"app","Any"
"init","testcode/BenchmarkTest00859.py",21,21,"app","Any"
"init","testcode/BenchmarkTest00700.py",21,21,"app","Any"
"init","testcode/BenchmarkTest00578.py",21,21,"app","Any"
"init","testcode/BenchmarkTest01094.py",21,21,"app","Any"
"init","testcode/BenchmarkTest00432.py",21,21,"app","Any"
"init","testcode/BenchmarkTest00824.py",21,21,"app","Any"
"init","testcode/BenchmarkTest00076.py",21,21,"app","Any"
"init","testcode/BenchmarkTest00765.py",21,21,"app","Any"
"init","testcode/BenchmarkTest00797.py",21,21,"app","Any"
"init","testcode/BenchmarkTest01011.py",21,21,"app","Any"
"init","testcode/BenchmarkTest00510.py",21,21,"app","Any"
"init","testcode/BenchmarkTest00974.py",21,21,"app","Any"
"init","testcode/BenchmarkTest00869.py",21,21,"app","Any"
"init","testcode/BenchmarkTest00782.py",21,21,"app","Any"
"init","testcode/BenchmarkTest00998.py",21,21,"app","Any"
"init","testcode/BenchmarkTest00372.py",21,21,"app","Any"
"init","testcode/BenchmarkTest00857.py",21,21,"app","Any"
"init","testcode/BenchmarkTest00682.py",21,21,"app","Any"
"init","testcode/BenchmarkTest01153.py",21,21,"app","Any"
"init","testcode/BenchmarkTest00847.py",21,21,"app","Any"
"init","testcode/BenchmarkTest00135.py",21,21,"app","Any"
"init","testcode/BenchmarkTest00001.py",21,21,"app","Any"
"init","testcode/BenchmarkTest01003.py",21,21,"app","Any"
"init","testcode/BenchmarkTest00503.py",21,21,"app","Any"
"init","testcode/BenchmarkTest00151.py",21,21,"app","Any"
"init","testcode/BenchmarkTest00716.py",21,21,"app","Any"
"init","testcode/BenchmarkTest00845.py",21,21,"app","Any"
"init","testcode/BenchmarkTest00536.py",21,21,"app","Any"
"init","testcode/BenchmarkTest00617.py",21,21,"app","Any"
"init","testcode/BenchmarkTest01057.py",21,21,"app","Any"
"init","testcode/BenchmarkTest00407.py",21,21,"app","Any"
"init","testcode/BenchmarkTest00086.py",21,21,"app","Any"
"init","testcode/BenchmarkTest00711.py",21,21,"app","Any"
"init","testcode/BenchmarkTest01158.py",21,21,"app","Any"
"init","testcode/BenchmarkTest00746.py",21,21,"app","Any"
"init","testcode/BenchmarkTest00265.py",21,21,"app","Any"
"init","testcode/BenchmarkTest01093.py",21,21,"app","Any"
"init","testcode/BenchmarkTest00141.py",21,21,"app","Any"
"init","testcode/BenchmarkTest00316.py",21,21,"app","Any"
"init","testcode/BenchmarkTest00225.py",21,21,"app","Any"
"init","testcode/BenchmarkTest00190.py",21,21,"app","Any"
"init","testcode/BenchmarkTest00044.py",21,21,"app","Any"
"init","testcode/BenchmarkTest01010.py",21,21,"app","Any"
"init","testcode/BenchmarkTest00794.py",21,21,"app","Any"
"init","testcode/BenchmarkTest00442.py",21,21,"app","Any"
"init","testcode/BenchmarkTest00134.py",21,21,"app","Any"
"init","testcode/BenchmarkTest00284.py",21,21,"app","Any"
"init","testcode/BenchmarkTest00934.py",21,21,"app","Any"
"init","testcode/BenchmarkTest00023.py",21,21,"app","Any"
"init","testcode/BenchmarkTest00739.py",21,21,"app","Any"
"init","testcode/BenchmarkTest00814.py",21,21,"app","Any"
"init","testcode/BenchmarkTest00291.py",21,21,"app","Any"
"init","testcode/BenchmarkTest00907.py",21,21,"app","Any"
"init","testcode/BenchmarkTest00871.py",21,21,"app","Any"
"init","testcode/BenchmarkTest00515.py",21,21,"app","Any"
"init","testcode/BenchmarkTest00498.py",21,21,"app","Any"
"init","testcode/BenchmarkTest00860.py",21,21,"app","Any"
"init","testcode/BenchmarkTest00680.py",21,21,"app","Any"
"init","testcode/BenchmarkTest01017.py",21,21,"app","Any"
"init","testcode/BenchmarkTest00813.py",21,21,"app","Any"
"init","testcode/BenchmarkTest00353.py",21,21,"app","Any"
"init","testcode/BenchmarkTest00719.py",21,21,"app","Any"
"init","testcode/BenchmarkTest00363.py",21,21,"app","Any"
"init","testcode/BenchmarkTest00392.py",21,21,"app","Any"
"init","testcode/BenchmarkTest00347.py",21,21,"app","Any"
"init","testcode/BenchmarkTest00841.py",21,21,"app","Any"
"init","testcode/BenchmarkTest00661.py",21,21,"app","Any"
"init","testcode/BenchmarkTest00567.py",21,21,"app","Any"
"init","testcode/BenchmarkTest00487.py",21,21,"app","Any"
"init","testcode/BenchmarkTest00935.py",21,21,"app","Any"
"init","testcode/BenchmarkTest00084.py",21,21,"app","Any"
"init","testcode/BenchmarkTest00534.py",21,21,"app","Any"
"init","testcode/BenchmarkTest01007.py",21,21,"app","Any"
"init","testcode/BenchmarkTest00811.py",21,21,"app","Any"
"init","testcode/BenchmarkTest01068.py",21,21,"app","Any"
"init","testcode/BenchmarkTest01176.py",21,21,"app","Any"
"init","testcode/BenchmarkTest00298.py",21,21,"app","Any"
"init","testcode/BenchmarkTest00802.py",21,21,"app","Any"
"init","testcode/BenchmarkTest00450.py",21,21,"app","Any"
"init","testcode/BenchmarkTest00309.py",21,21,"app","Any"
"init","testcode/BenchmarkTest00069.py",21,21,"app","Any"
"init","testcode/BenchmarkTest00213.py",21,21,"app","Any"
"init","testcode/BenchmarkTest00070.py",21,21,"app","Any"
"init","testcode/BenchmarkTest00403.py",21,21,"app","Any"
"init","testcode/BenchmarkTest00791.py",21,21,"app","Any"
"init","testcode/BenchmarkTest00862.py",21,21,"app","Any"
"init","testcode/BenchmarkTest00397.py",21,21,"app","Any"
"init","testcode/BenchmarkTest00062.py",21,21,"app","Any"
"init","testcode/BenchmarkTest00204.py",21,21,"app","Any"
"init","testcode/BenchmarkTest00753.py",21,21,"app","Any"
"init","testcode/BenchmarkTest00800.py",21,21,"app","Any"
"init","testcode/BenchmarkTest00821.py",21,21,"app","Any"
"init","testcode/BenchmarkTest00395.py",21,21,"app","Any"
"init","testcode/BenchmarkTest01000.py",21,21,"app","Any"
"init","testcode/BenchmarkTest00961.py",21,21,"app","Any"
"init","testcode/BenchmarkTest01024.py",21,21,"app","Any"
"init","testcode/BenchmarkTest00438.py",21,21,"app","Any"
"init","testcode/BenchmarkTest00826.py",21,21,"app","Any"
"init","testcode/BenchmarkTest00251.py",21,21,"app","Any"
"init","testcode/BenchmarkTest01139.py",21,21,"app","Any"
"init","testcode/BenchmarkTest00480.py",21,21,"app","Any"
"init","testcode/BenchmarkTest00767.py",21,21,"app","Any"
"init","testcode/BenchmarkTest01217.py",21,21,"app","Any"
"init","testcode/BenchmarkTest00031.py",21,21,"app","Any"
"init","testcode/BenchmarkTest01134.py",21,21,"app","Any"
"init","testcode/BenchmarkTest00241.py",21,21,"app","Any"
"init","testcode/BenchmarkTest00361.py",21,21,"app","Any"
"init","testcode/BenchmarkTest00533.py",21,21,"app","Any"
"init","testcode/BenchmarkTest00072.py",21,21,"app","Any"
"init","testcode/BenchmarkTest00082.py",21,21,"app","Any"
"init","testcode/BenchmarkTest01190.py",21,21,"app","Any"
"init","testcode/BenchmarkTest00019.py",21,21,"app","Any"
"init","testcode/BenchmarkTest00945.py",21,21,"app","Any"
"init","testcode/BenchmarkTest00173.py",21,21,"app","Any"
"init","testcode/BenchmarkTest00445.py",21,21,"app","Any"
"init","testcode/BenchmarkTest00292.py",21,21,"app","Any"
"init","testcode/BenchmarkTest01157.py",21,21,"app","Any"
"init","testcode/BenchmarkTest00148.py",21,21,"app","Any"
"init","testcode/BenchmarkTest01201.py",21,21,"app","Any"
"init","testcode/BenchmarkTest01032.py",21,21,"app","Any"
"init","testcode/BenchmarkTest00530.py",21,21,"app","Any"
"init","testcode/BenchmarkTest00809.py",21,21,"app","Any"
"init","testcode/BenchmarkTest00996.py",21,21,"app","Any"
"init","testcode/BenchmarkTest01150.py",21,21,"app","Any"
"init","testcode/BenchmarkTest00272.py",21,21,"app","Any"
"init","testcode/BenchmarkTest00646.py",21,21,"app","Any"
"init","testcode/BenchmarkTest00302.py",21,21,"app","Any"
"init","testcode/BenchmarkTest00007.py",21,21,"app","Any"
"init","testcode/BenchmarkTest01135.py",21,21,"app","Any"
"init","testcode/BenchmarkTest00050.py",21,21,"app","Any"
"init","testcode/BenchmarkTest00929.py",21,21,"app","Any"
"init","testcode/BenchmarkTest00287.py",21,21,"app","Any"
"init","testcode/BenchmarkTest00835.py",21,21,"app","Any"
"init","testcode/BenchmarkTest00740.py",21,21,"app","Any"
"init","testcode/BenchmarkTest00664.py",21,21,"app","Any"
"init","testcode/BenchmarkTest00543.py",21,21,"app","Any"
"init","testcode/BenchmarkTest00300.py",21,21,"app","Any"
"init","testcode/BenchmarkTest00371.py",21,21,"app","Any"
"init","testcode/BenchmarkTest00803.py",21,21,"app","Any"
"init","testcode/BenchmarkTest00966.py",21,21,"app","Any"
"init","testcode/BenchmarkTest00478.py",21,21,"app","Any"
"init","testcode/BenchmarkTest00462.py",21,21,"app","Any"
"init","testcode/BenchmarkTest00054.py",21,21,"app","Any"
"init","testcode/BenchmarkTest00078.py",21,21,"app","Any"
"init","testcode/BenchmarkTest00959.py",21,21,"app","Any"
"init","testcode/BenchmarkTest00732.py",21,21,"app","Any"
"init","testcode/BenchmarkTest00094.py",21,21,"app","Any"
"init","testcode/BenchmarkTest00563.py",21,21,"app","Any"
"init","testcode/BenchmarkTest00174.py",21,21,"app","Any"
"init","testcode/BenchmarkTest00697.py",21,21,"app","Any"
"init","testcode/BenchmarkTest00061.py",21,21,"app","Any"
"init","testcode/BenchmarkTest00960.py",21,21,"app","Any"
"init","testcode/BenchmarkTest00006.py",21,21,"app","Any"
"init","testcode/BenchmarkTest00688.py",21,21,"app","Any"
"init","testcode/BenchmarkTest00605.py",21,21,"app","Any"
"init","testcode/BenchmarkTest00234.py",21,21,"app","Any"
"init","testcode/BenchmarkTest00063.py",21,21,"app","Any"
"init","testcode/BenchmarkTest00776.py",21,21,"app","Any"
"init","testcode/BenchmarkTest00161.py",21,21,"app","Any"
"init","testcode/BenchmarkTest00983.py",21,21,"app","Any"
"init","testcode/BenchmarkTest00759.py",21,21,"app","Any"
"init","testcode/BenchmarkTest00703.py",21,21,"app","Any"
"init","testcode/BenchmarkTest01104.py",21,21,"app","Any"
"init","testcode/BenchmarkTest00589.py",21,21,"app","Any"
"init","testcode/BenchmarkTest00143.py",21,21,"app","Any"
"init","testcode/BenchmarkTest01128.py",21,21,"app","Any"
"init","testcode/BenchmarkTest00221.py",21,21,"app","Any"
"init","testcode/BenchmarkTest00114.py",21,21,"app","Any"
"init","testcode/BenchmarkTest00370.py",21,21,"app","Any"
"init","testcode/BenchmarkTest01027.py",21,21,"app","Any"
"init","testcode/BenchmarkTest00629.py",21,21,"app","Any"
"init","testcode/BenchmarkTest00255.py",21,21,"app","Any"
"init","testcode/BenchmarkTest00570.py",21,21,"app","Any"
"init","testcode/BenchmarkTest00323.py",21,21,"app","Any"
"init","testcode/BenchmarkTest00785.py",21,21,"app","Any"
"init","testcode/BenchmarkTest00731.py",21,21,"app","Any"
"init","testcode/BenchmarkTest00279.py",21,21,"app","Any"
"init","testcode/BenchmarkTest00500.py",21,21,"app","Any"
"init","testcode/BenchmarkTest00761.py",21,21,"app","Any"
"init","testcode/BenchmarkTest00504.py",21,21,"app","Any"
"init","testcode/BenchmarkTest00387.py",21,21,"app","Any"
"init","testcode/BenchmarkTest00425.py",21,21,"app","Any"
"init","testcode/BenchmarkTest00577.py",21,21,"app","Any"
"init","testcode/BenchmarkTest01108.py",21,21,"app","Any"
"init","testcode/BenchmarkTest00060.py",21,21,"app","Any"
"init","testcode/BenchmarkTest00252.py",21,21,"app","Any"
"init","testcode/BenchmarkTest00306.py",21,21,"app","Any"
"init","testcode/BenchmarkTest00528.py",21,21,"app","Any"
"init","testcode/BenchmarkTest00267.py",21,21,"app","Any"
"init","testcode/BenchmarkTest00468.py",21,21,"app","Any"
"init","testcode/BenchmarkTest00679.py",21,21,"app","Any"
"init","testcode/BenchmarkTest01061.py",21,21,"app","Any"
"init","testcode/BenchmarkTest00942.py",21,21,"app","Any"
"init","testcode/BenchmarkTest00844.py",21,21,"app","Any"
"init","testcode/BenchmarkTest01206.py",21,21,"app","Any"
"init","testcode/BenchmarkTest00457.py",21,21,"app","Any"
"init","testcode/BenchmarkTest01224.py",21,21,"app","Any"
"init","testcode/BenchmarkTest00140.py",21,21,"app","Any"
"init","testcode/BenchmarkTest01021.py",21,21,"app","Any"
"init","testcode/BenchmarkTest00815.py",21,21,"app","Any"
"init","testcode/BenchmarkTest00028.py",21,21,"app","Any"
"init","testcode/BenchmarkTest00105.py",21,21,"app","Any"
"init","testcode/BenchmarkTest00610.py",21,21,"app","Any"
"init","testcode/BenchmarkTest00704.py",21,21,"app","Any"
"init","testcode/BenchmarkTest00249.py",21,21,"app","Any"
"init","testcode/BenchmarkTest00411.py",21,21,"app","Any"
"init","testcode/BenchmarkTest01215.py",21,21,"app","Any"
"init","testcode/BenchmarkTest00638.py",21,21,"app","Any"
"init","testcode/BenchmarkTest01161.py",21,21,"app","Any"
"init","testcode/BenchmarkTest00113.py",21,21,"app","Any"
"init","testcode/BenchmarkTest01037.py",21,21,"app","Any"
"init","testcode/BenchmarkTest00179.py",21,21,"app","Any"
"init","testcode/BenchmarkTest01189.py",21,21,"app","Any"
"init","testcode/BenchmarkTest01133.py",21,21,"app","Any"
"init","testcode/BenchmarkTest00588.py",21,21,"app","Any"
"init","testcode/BenchmarkTest00932.py",21,21,"app","Any"
"init","testcode/BenchmarkTest00626.py",21,21,"app","Any"
"init","testcode/BenchmarkTest01118.py",21,21,"app","Any"
"init","testcode/BenchmarkTest01081.py",21,21,"app","Any"
"init","testcode/BenchmarkTest01005.py",21,21,"app","Any"
"init","testcode/BenchmarkTest00628.py",21,21,"app","Any"
"init","testcode/BenchmarkTest00770.py",21,21,"app","Any"
"init","testcode/BenchmarkTest01204.py",21,21,"app","Any"
"init","testcode/BenchmarkTest00701.py",21,21,"app","Any"
"init","testcode/BenchmarkTest00456.py",21,21,"app","Any"
"init","testcode/BenchmarkTest00214.py",21,21,"app","Any"
"init","testcode/BenchmarkTest00405.py",21,21,"app","Any"
"init","testcode/BenchmarkTest00689.py",21,21,"app","Any"
"init","testcode/BenchmarkTest00517.py",21,21,"app","Any"
"init","testcode/BenchmarkTest00224.py",21,21,"app","Any"
"init","testcode/BenchmarkTest00928.py",21,21,"app","Any"
"init","testcode/BenchmarkTest00333.py",21,21,"app","Any"
"init","testcode/BenchmarkTest00986.py",21,21,"app","Any"
"init","testcode/BenchmarkTest00560.py",21,21,"app","Any"
"init","testcode/BenchmarkTest01129.py",21,21,"app","Any"
"init","testcode/BenchmarkTest00236.py",21,21,"app","Any"
"init","testcode/BenchmarkTest00744.py",21,21,"app","Any"
"init","testcode/BenchmarkTest00466.py",21,21,"app","Any"
"init","testcode/BenchmarkTest01016.py",21,21,"app","Any"
"init","testcode/BenchmarkTest00733.py",21,21,"app","Any"
"init","testcode/BenchmarkTest00984.py",21,21,"app","Any"
"init","testcode/BenchmarkTest00410.py",21,21,"app","Any"
"init","testcode/BenchmarkTest00409.py",21,21,"app","Any"
"init","testcode/BenchmarkTest00717.py",21,21,"app","Any"
"init","testcode/BenchmarkTest00976.py",21,21,"app","Any"
"init","testcode/BenchmarkTest00904.py",21,21,"app","Any"
"init","testcode/BenchmarkTest00406.py",21,21,"app","Any"
"init","testcode/BenchmarkTest00158.py",21,21,"app","Any"
"init","testcode/BenchmarkTest00777.py",21,21,"app","Any"
"init","testcode/BenchmarkTest00188.py",21,21,"app","Any"
"init","testcode/BenchmarkTest00649.py",21,21,"app","Any"
"init","testcode/BenchmarkTest00033.py",21,21,"app","Any"
"init","testcode/BenchmarkTest00474.py",21,21,"app","Any"
"init","testcode/BenchmarkTest01115.py",21,21,"app","Any"
"init","testcode/BenchmarkTest00348.py",21,21,"app","Any"
"init","testcode/BenchmarkTest01143.py",21,21,"app","Any"
"init","testcode/BenchmarkTest01106.py",21,21,"app","Any"
"init","testcode/BenchmarkTest01075.py",21,21,"app","Any"
"init","testcode/BenchmarkTest01099.py",21,21,"app","Any"
"init","testcode/BenchmarkTest00604.py",21,21,"app","Any"
"init","testcode/BenchmarkTest01076.py",21,21,"app","Any"
"init","testcode/BenchmarkTest00475.py",21,21,"app","Any"
"init","testcode/BenchmarkTest00575.py",21,21,"app","Any"
"init","testcode/BenchmarkTest01119.py",21,21,"app","Any"
"init","testcode/BenchmarkTest01220.py",21,21,"app","Any"
"init","testcode/BenchmarkTest01214.py",21,21,"app","Any"
"init","testcode/BenchmarkTest00155.py",21,21,"app","Any"
"init","testcode/BenchmarkTest00763.py",21,21,"app","Any"
"init","testcode/BenchmarkTest00488.py",21,21,"app","Any"
"init","testcode/BenchmarkTest01022.py",21,21,"app","Any"
"init","testcode/BenchmarkTest00725.py",21,21,"app","Any"
"init","testcode/BenchmarkTest00356.py",21,21,"app","Any"
"init","testcode/BenchmarkTest00548.py",21,21,"app","Any"
"init","testcode/BenchmarkTest00823.py",21,21,"app","Any"
"init","testcode/BenchmarkTest00012.py",21,21,"app","Any"
"init","testcode/BenchmarkTest00146.py",21,21,"app","Any"
"init","testcode/BenchmarkTest00029.py",21,21,"app","Any"
"init","testcode/BenchmarkTest00936.py",21,21,"app","Any"
"init","testcode/BenchmarkTest00842.py",21,21,"app","Any"
"init","testcode/BenchmarkTest00129.py",21,21,"app","Any"
"init","testcode/BenchmarkTest00477.py",21,21,"app","Any"
"init","testcode/BenchmarkTest00579.py",21,21,"app","Any"
"init","testcode/BenchmarkTest00650.py",21,21,"app","Any"
"init","testcode/BenchmarkTest00660.py",21,21,"app","Any"
"init","testcode/BenchmarkTest01183.py",21,21,"app","Any"
"init","testcode/BenchmarkTest00317.py",21,21,"app","Any"
"init","testcode/BenchmarkTest00918.py",21,21,"app","Any"
"init","testcode/BenchmarkTest00038.py",21,21,"app","Any"
"init","testcode/BenchmarkTest00093.py",21,21,"app","Any"
"init","testcode/BenchmarkTest00314.py",21,21,"app","Any"
"init","testcode/BenchmarkTest00162.py",21,21,"app","Any"
"init","testcode/BenchmarkTest00178.py",21,21,"app","Any"
"init","testcode/BenchmarkTest00304.py",21,21,"app","Any"
"init","testcode/BenchmarkTest00690.py",21,21,"app","Any"
"init","testcode/BenchmarkTest01154.py",21,21,"app","Any"
"init","testcode/BenchmarkTest00743.py",21,21,"app","Any"
"init","testcode/BenchmarkTest00360.py",21,21,"app","Any"
"init","testcode/BenchmarkTest00043.py",21,21,"app","Any"
"init","testcode/BenchmarkTest00051.py",21,21,"app","Any"
"init","testcode/BenchmarkTest01019.py",21,21,"app","Any"
"init","testcode/BenchmarkTest01147.py",21,21,"app","Any"
"init","testcode/BenchmarkTest00608.py",21,21,"app","Any"
"init","testcode/BenchmarkTest00421.py",21,21,"app","Any"
"init","testcode/BenchmarkTest00538.py",21,21,"app","Any"
"init","testcode/BenchmarkTest00389.py",21,21,"app","Any"
"init","testcode/BenchmarkTest00861.py",21,21,"app","Any"
"init","testcode/BenchmarkTest00527.py",21,21,"app","Any"
"init","testcode/BenchmarkTest00052.py",21,21,"app","Any"
"init","testcode/BenchmarkTest00260.py",21,21,"app","Any"
"init","testcode/BenchmarkTest00429.py",21,21,"app","Any"
"init","testcode/BenchmarkTest01073.py",21,21,"app","Any"
"init","testcode/BenchmarkTest01049.py",21,21,"app","Any"
"init","testcode/BenchmarkTest00905.py",21,21,"app","Any"
"init","testcode/BenchmarkTest00240.py",21,21,"app","Any"
"init","testcode/BenchmarkTest01078.py",21,21,"app","Any"
"init","testcode/BenchmarkTest00561.py",21,21,"app","Any"
"init","testcode/BenchmarkTest00616.py",21,21,"app","Any"
"init","testcode/BenchmarkTest00982.py",21,21,"app","Any"
"init","testcode/BenchmarkTest00102.py",21,21,"app","Any"
"init","testcode/BenchmarkTest00647.py",21,21,"app","Any"
"init","testcode/BenchmarkTest00186.py",21,21,"app","Any"
"init","testcode/BenchmarkTest01074.py",21,21,"app","Any"
"init","testcode/BenchmarkTest00564.py",21,21,"app","Any"
"init","testcode/BenchmarkTest01166.py",21,21,"app","Any"
"init","testcode/BenchmarkTest00885.py",21,21,"app","Any"
"init","testcode/BenchmarkTest00741.py",21,21,"app","Any"
"init","testcode/BenchmarkTest00056.py",21,21,"app","Any"
"init","testcode/BenchmarkTest00461.py",21,21,"app","Any"
"init","testcode/BenchmarkTest00156.py",21,21,"app","Any"
"init","testcode/BenchmarkTest00581.py",21,21,"app","Any"
"init","testcode/BenchmarkTest00460.py",21,21,"app","Any"
"init","testcode/BenchmarkTest01053.py",21,21,"app","Any"
"init","testcode/BenchmarkTest00147.py",21,21,"app","Any"
"init","testcode/BenchmarkTest00713.py",21,21,"app","Any"
"init","testcode/BenchmarkTest00369.py",21,21,"app","Any"
"init","testcode/BenchmarkTest00444.py",21,21,"app","Any"
"init","testcode/BenchmarkTest00404.py",21,21,"app","Any"
"init","testcode/BenchmarkTest00623.py",21,21,"app","Any"
"init","testcode/BenchmarkTest01173.py",21,21,"app","Any"
"init","testcode/BenchmarkTest00687.py",21,21,"app","Any"
"init","testcode/BenchmarkTest00597.py",21,21,"app","Any"
"init","testcode/BenchmarkTest00219.py",21,21,"app","Any"
"init","testcode/BenchmarkTest00220.py",21,21,"app","Any"
"init","testcode/BenchmarkTest01110.py",21,21,"app","Any"
"init","testcode/BenchmarkTest00207.py",21,21,"app","Any"
"init","testcode/BenchmarkTest00967.py",21,21,"app","Any"
"init","testcode/BenchmarkTest00595.py",21,21,"app","Any"
"init","testcode/BenchmarkTest00620.py",21,21,"app","Any"
"init","testcode/BenchmarkTest00408.py",21,21,"app","Any"
"init","testcode/BenchmarkTest00988.py",21,21,"app","Any"
"init","testcode/BenchmarkTest00546.py",21,21,"app","Any"
"init","testcode/BenchmarkTest01182.py",21,21,"app","Any"
"init","testcode/BenchmarkTest00154.py",21,21,"app","Any"
"init","testcode/BenchmarkTest00469.py",21,21,"app","Any"
"init","testcode/BenchmarkTest00160.py",21,21,"app","Any"
"init","testcode/BenchmarkTest01123.py",21,21,"app","Any"
"init","testcode/BenchmarkTest00755.py",21,21,"app","Any"
"init","testcode/BenchmarkTest00235.py",21,21,"app","Any"
"init","testcode/BenchmarkTest00827.py",21,21,"app","Any"
"init","testcode/BenchmarkTest00002.py",21,21,"app","Any"
"init","testcode/BenchmarkTest00822.py",21,21,"app","Any"
"init","testcode/BenchmarkTest00229.py",21,21,"app","Any"
"init","testcode/BenchmarkTest00394.py",21,21,"app","Any"
"init","testcode/BenchmarkTest00149.py",21,21,"app","Any"
"init","testcode/BenchmarkTest00922.py",21,21,"app","Any"
"init","testcode/BenchmarkTest00601.py",21,21,"app","Any"
"init","testcode/BenchmarkTest00211.py",21,21,"app","Any"
"init","testcode/BenchmarkTest01141.py",21,21,"app","Any"
"init","testcode/BenchmarkTest00189.py",21,21,"app","Any"
"init","testcode/BenchmarkTest00991.py",21,21,"app","Any"
"init","testcode/BenchmarkTest00018.py",21,21,"app","Any"
"init","testcode/BenchmarkTest00326.py",21,21,"app","Any"
"init","testcode/BenchmarkTest01071.py",21,21,"app","Any"
"init","testcode/BenchmarkTest00858.py",21,21,"app","Any"
"init","testcode/BenchmarkTest00153.py",21,21,"app","Any"
"init","testcode/BenchmarkTest00535.py",21,21,"app","Any"
"init","testcode/BenchmarkTest00497.py",21,21,"app","Any"
"init","testcode/BenchmarkTest01205.py",21,21,"app","Any"
"init","testcode/BenchmarkTest00482.py",21,21,"app","Any"
"init","testcode/BenchmarkTest00278.py",21,21,"app","Any"
"init","testcode/BenchmarkTest00726.py",21,21,"app","Any"
"init","testcode/BenchmarkTest01202.py",21,21,"app","Any"
"init","testcode/BenchmarkTest00269.py",21,21,"app","Any"
"init","testcode/BenchmarkTest00825.py",21,21,"app","Any"
"init","testcode/BenchmarkTest00949.py",21,21,"app","Any"
"init","testcode/BenchmarkTest00552.py",21,21,"app","Any"
"init","testcode/BenchmarkTest00971.py",21,21,"app","Any"
"init","testcode/BenchmarkTest00757.py",21,21,"app","Any"
"init","testcode/BenchmarkTest00210.py",21,21,"app","Any"
"init","testcode/BenchmarkTest00849.py",21,21,"app","Any"
"init","testcode/BenchmarkTest00169.py",21,21,"app","Any"
"init","testcode/BenchmarkTest00565.py",21,21,"app","Any"
"init","testcode/BenchmarkTest01146.py",21,21,"app","Any"
"init","testcode/BenchmarkTest00545.py",21,21,"app","Any"
"init","testcode/BenchmarkTest00792.py",21,21,"app","Any"
"init","testcode/BenchmarkTest01186.py",21,21,"app","Any"
"init","testcode/BenchmarkTest00419.py",21,21,"app","Any"
"init","testcode/BenchmarkTest00458.py",21,21,"app","Any"
"init","testcode/BenchmarkTest00343.py",21,21,"app","Any"
"init","testcode/BenchmarkTest00926.py",21,21,"app","Any"
"init","testcode/BenchmarkTest00295.py",21,21,"app","Any"
"init","testcode/BenchmarkTest00913.py",21,21,"app","Any"
"init","testcode/BenchmarkTest00836.py",21,21,"app","Any"
"init","testcode/BenchmarkTest00428.py",21,21,"app","Any"
"init","testcode/BenchmarkTest00742.py",21,21,"app","Any"
"init","testcode/BenchmarkTest00953.py",21,21,"app","Any"
"init","testcode/BenchmarkTest00382.py",21,21,"app","Any"
"init","testcode/BenchmarkTest00383.py",21,21,"app","Any"
"init","testcode/BenchmarkTest01045.py",21,21,"app","Any"
"init","testcode/BenchmarkTest00948.py",21,21,"app","Any"
"init","testcode/BenchmarkTest00486.py",21,21,"app","Any"
"init","testcode/BenchmarkTest00795.py",21,21,"app","Any"
"init","testcode/BenchmarkTest00968.py",21,21,"app","Any"
"init","testcode/BenchmarkTest00182.py",21,21,"app","Any"
"init","testcode/BenchmarkTest00817.py",21,21,"app","Any"
"init","testcode/BenchmarkTest00558.py",21,21,"app","Any"
"init","testcode/BenchmarkTest00955.py",21,21,"app","Any"
"init","testcode/BenchmarkTest00185.py",21,21,"app","Any"
"init","testcode/BenchmarkTest00866.py",21,21,"app","Any"
"init","testcode/BenchmarkTest00698.py",21,21,"app","Any"
"init","testcode/BenchmarkTest00254.py",21,21,"app","Any"
"init","testcode/BenchmarkTest01026.py",21,21,"app","Any"
"init","testcode/BenchmarkTest00034.py",21,21,"app","Any"
"init","testcode/BenchmarkTest00357.py",21,21,"app","Any"
"init","testcode/BenchmarkTest00969.py",21,21,"app","Any"
"init","testcode/BenchmarkTest00434.py",21,21,"app","Any"
"init","testcode/BenchmarkTest00509.py",21,21,"app","Any"
"init","testcode/BenchmarkTest01056.py",21,21,"app","Any"
"init","testcode/BenchmarkTest01033.py",21,21,"app","Any"
"init","testcode/BenchmarkTest00495.py",21,21,"app","Any"
"init","testcode/BenchmarkTest00714.py",21,21,"app","Any"
"init","testcode/BenchmarkTest00337.py",21,21,"app","Any"
"init","testcode/BenchmarkTest01160.py",21,21,"app","Any"
"init","testcode/BenchmarkTest01168.py",21,21,"app","Any"
"init","testcode/BenchmarkTest00492.py",21,21,"app","Any"
"init","testcode/BenchmarkTest00150.py",21,21,"app","Any"
"init","testcode/BenchmarkTest00125.py",21,21,"app","Any"
"init","testcode/BenchmarkTest00873.py",21,21,"app","Any"
"init","testcode/BenchmarkTest00009.py",21,21,"app","Any"
"init","testcode/BenchmarkTest00024.py",21,21,"app","Any"
"init","testcode/BenchmarkTest00721.py",21,21,"app","Any"
"init","testcode/BenchmarkTest00908.py",21,21,"app","Any"
"init","testcode/BenchmarkTest00678.py",21,21,"app","Any"
"init","testcode/BenchmarkTest01111.py",21,21,"app","Any"
"init","testcode/BenchmarkTest00916.py",21,21,"app","Any"
"init","testcode/BenchmarkTest00724.py",21,21,"app","Any"
"init","testcode/BenchmarkTest01082.py",21,21,"app","Any"
"init","testcode/BenchmarkTest01085.py",21,21,"app","Any"
"init","testcode/BenchmarkTest00059.py",21,21,"app","Any"
"init","testcode/BenchmarkTest00985.py",21,21,"app","Any"
"init","testcode/BenchmarkTest00165.py",21,21,"app","Any"
"init","testcode/BenchmarkTest00331.py",21,21,"app","Any"
"init","testcode/BenchmarkTest01136.py",21,21,"app","Any"
"init","testcode/BenchmarkTest00937.py",21,21,"app","Any"
"init","testcode/BenchmarkTest00568.py",21,21,"app","Any"
"init","testcode/BenchmarkTest01059.py",21,21,"app","Any"
"init","testcode/BenchmarkTest00652.py",21,21,"app","Any"
"init","testcode/BenchmarkTest00624.py",21,21,"app","Any"
"init","testcode/BenchmarkTest00518.py",21,21,"app","Any"
"init","testcode/BenchmarkTest00489.py",21,21,"app","Any"
"init","testcode/BenchmarkTest00365.py",21,21,"app","Any"
"init","testcode/BenchmarkTest00128.py",21,21,"app","Any"
"init","testcode/BenchmarkTest00227.py",21,21,"app","Any"
"init","testcode/BenchmarkTest01097.py",21,21,"app","Any"
"init","testcode/BenchmarkTest00853.py",21,21,"app","Any"
"init","testcode/BenchmarkTest00667.py",21,21,"app","Any"
"init","testcode/BenchmarkTest00138.py",21,21,"app","Any"
"init","testcode/BenchmarkTest01087.py",21,21,"app","Any"
"init","testcode/BenchmarkTest00067.py",21,21,"app","Any"
"init","testcode/BenchmarkTest01127.py",21,21,"app","Any"
"init","testcode/BenchmarkTest00925.py",21,21,"app","Any"
"init","testcode/BenchmarkTest00749.py",21,21,"app","Any"
"init","testcode/BenchmarkTest00108.py",21,21,"app","Any"
"init","testcode/BenchmarkTest01167.py",21,21,"app","Any"
"init","testcode/BenchmarkTest00715.py",21,21,"app","Any"
"init","testcode/BenchmarkTest00077.py",21,21,"app","Any"
"init","testcode/BenchmarkTest00748.py",21,21,"app","Any"
"init","testcode/BenchmarkTest00882.py",21,21,"app","Any"
"init","testcode/BenchmarkTest00621.py",21,21,"app","Any"
"init","testcode/BenchmarkTest00963.py",21,21,"app","Any"
"init","testcode/BenchmarkTest00426.py",21,21,"app","Any"
"init","testcode/BenchmarkTest00159.py",21,21,"app","Any"
"init","testcode/BenchmarkTest00124.py",21,21,"app","Any"
"init","testcode/BenchmarkTest01114.py",21,21,"app","Any"
"init","testcode/BenchmarkTest01029.py",21,21,"app","Any"
"init","testcode/BenchmarkTest00801.py",21,21,"app","Any"
"init","testcode/BenchmarkTest01165.py",21,21,"app","Any"
"init","testcode/BenchmarkTest01091.py",21,21,"app","Any"
"init","testcode/BenchmarkTest00087.py",21,21,"app","Any"
"init","testcode/BenchmarkTest00008.py",21,21,"app","Any"
"init","testcode/BenchmarkTest00176.py",21,21,"app","Any"
"init","testcode/BenchmarkTest00196.py",21,21,"app","Any"
"init","testcode/BenchmarkTest00799.py",21,21,"app","Any"
"init","testcode/BenchmarkTest01065.py",21,21,"app","Any"
"init","testcode/BenchmarkTest00430.py",21,21,"app","Any"
"init","testcode/BenchmarkTest00596.py",21,21,"app","Any"
"init","testcode/BenchmarkTest00938.py",21,21,"app","Any"
"init","testcode/BenchmarkTest00218.py",21,21,"app","Any"
"init","testcode/BenchmarkTest00393.py",21,21,"app","Any"
"init","testcode/BenchmarkTest00232.py",21,21,"app","Any"
"init","testcode/BenchmarkTest00888.py",21,21,"app","Any"
"init","testcode/BenchmarkTest00417.py",21,21,"app","Any"
"init","testcode/BenchmarkTest00573.py",21,21,"app","Any"
"init","testcode/BenchmarkTest01180.py",21,21,"app","Any"
"init","testcode/BenchmarkTest00013.py",21,21,"app","Any"
"init","testcode/BenchmarkTest01132.py",21,21,"app","Any"
"init","testcode/BenchmarkTest01148.py",21,21,"app","Any"
"init","testcode/BenchmarkTest00910.py",21,21,"app","Any"
"init","testcode/BenchmarkTest00032.py",21,21,"app","Any"
"init","testcode/BenchmarkTest00283.py",21,21,"app","Any"
"init","testcode/BenchmarkTest00085.py",21,21,"app","Any"
"init","testcode/BenchmarkTest00592.py",21,21,"app","Any"
"init","testcode/BenchmarkTest00341.py",21,21,"app","Any"
"init","testcode/BenchmarkTest00079.py",21,21,"app","Any"
"init","testcode/BenchmarkTest00015.py",21,21,"app","Any"
"init","testcode/BenchmarkTest00750.py",21,21,"app","Any"
"init","testcode/BenchmarkTest00471.py",21,21,"app","Any"
"init","testcode/BenchmarkTest00881.py",21,21,"app","Any"
"init","testcode/BenchmarkTest00101.py",21,21,"app","Any"
"init","testcode/BenchmarkTest00233.py",21,21,"app","Any"
"init","testcode/BenchmarkTest00130.py",21,21,"app","Any"
"init","testcode/BenchmarkTest01222.py",21,21,"app","Any"
"init","testcode/BenchmarkTest00674.py",21,21,"app","Any"
"init","testcode/BenchmarkTest00199.py",21,21,"app","Any"
"init","testcode/BenchmarkTest00380.py",21,21,"app","Any"
"init","testcode/BenchmarkTest00322.py",21,21,"app","Any"
"init","testcode/BenchmarkTest00513.py",21,21,"app","Any"
"init","testcode/BenchmarkTest00639.py",21,21,"app","Any"
"init","testcode/BenchmarkTest00030.py",21,21,"app","Any"
"init","testcode/BenchmarkTest00212.py",21,21,"app","Any"
"init","testcode/BenchmarkTest00631.py",21,21,"app","Any"
"init","testcode/BenchmarkTest00781.py",21,21,"app","Any"
"init","testcode/BenchmarkTest00385.py",21,21,"app","Any"
"init","testcode/BenchmarkTest00223.py",21,21,"app","Any"
"init","testcode/BenchmarkTest00248.py",21,21,"app","Any"
"init","testcode/BenchmarkTest00695.py",21,21,"app","Any"
"init","testcode/BenchmarkTest00230.py",21,21,"app","Any"
"init","testcode/BenchmarkTest00099.py",21,21,"app","Any"
"init","testcode/BenchmarkTest00126.py",21,21,"app","Any"
"init","testcode/BenchmarkTest01120.py",21,21,"app","Any"
"init","testcode/BenchmarkTest00092.py",21,21,"app","Any"
"init","testcode/BenchmarkTest00630.py",21,21,"app","Any"
"init","testcode/BenchmarkTest01060.py",21,21,"app","Any"
"init","testcode/BenchmarkTest00041.py",21,21,"app","Any"
"init","testcode/BenchmarkTest00594.py",21,21,"app","Any"
"init","testcode/BenchmarkTest00194.py",21,21,"app","Any"
"init","testcode/BenchmarkTest00270.py",21,21,"app","Any"
"init","testcode/BenchmarkTest00299.py",21,21,"app","Any"
"init","testcode/BenchmarkTest00115.py",21,21,"app","Any"
"init","testcode/BenchmarkTest00819.py",21,21,"app","Any"
"init","testcode/BenchmarkTest01096.py",21,21,"app","Any"
"init","testcode/BenchmarkTest00349.py",21,21,"app","Any"
"init","testcode/BenchmarkTest00798.py",21,21,"app","Any"
"init","testcode/BenchmarkTest01145.py",21,21,"app","Any"
"init","testcode/BenchmarkTest00718.py",21,21,"app","Any"
"init","testcode/BenchmarkTest01100.py",21,21,"app","Any"
"init","testcode/BenchmarkTest00247.py",21,21,"app","Any"
"init","testcode/BenchmarkTest00694.py",21,21,"app","Any"
"init","testcode/BenchmarkTest00048.py",21,21,"app","Any"
"init","testcode/BenchmarkTest00318.py",21,21,"app","Any"
"init","testcode/BenchmarkTest00109.py",21,21,"app","Any"
"init","testcode/BenchmarkTest01080.py",21,21,"app","Any"
"init","testcode/BenchmarkTest00754.py",21,21,"app","Any"
"init","testcode/BenchmarkTest01013.py",21,21,"app","Any"
"init","testcode/BenchmarkTest00454.py",21,21,"app","Any"
"init","testcode/BenchmarkTest00549.py",21,21,"app","Any"
"init","testcode/BenchmarkTest00514.py",21,21,"app","Any"
"init","testcode/BenchmarkTest00606.py",21,21,"app","Any"
"init","testcode/BenchmarkTest00898.py",21,21,"app","Any"
"init","testcode/BenchmarkTest01020.py",21,21,"app","Any"
"init","testcode/BenchmarkTest00074.py",21,21,"app","Any"
"init","testcode/BenchmarkTest00484.py",21,21,"app","Any"
"init","testcode/BenchmarkTest01084.py",21,21,"app","Any"
"init","testcode/BenchmarkTest00335.py",21,21,"app","Any"
"init","testcode/BenchmarkTest00834.py",21,21,"app","Any"
"init","testcode/BenchmarkTest00723.py",21,21,"app","Any"
"init","testcode/BenchmarkTest00691.py",21,21,"app","Any"
"init","testcode/BenchmarkTest00557.py",21,21,"app","Any"
"init","testcode/BenchmarkTest00045.py",21,21,"app","Any"
"init","testcode/BenchmarkTest00764.py",21,21,"app","Any"
"init","testcode/BenchmarkTest00645.py",21,21,"app","Any"
"init","testcode/BenchmarkTest00806.py",21,21,"app","Any"
"init","testcode/BenchmarkTest00532.py",21,21,"app","Any"
"init","testcode/BenchmarkTest00391.py",21,21,"app","Any"
"init","testcode/BenchmarkTest00297.py",21,21,"app","Any"
"init","testcode/BenchmarkTest01196.py",21,21,"app","Any"
"init","testcode/BenchmarkTest00702.py",21,21,"app","Any"
"init","testcode/BenchmarkTest00364.py",21,21,"app","Any"
"init","testcode/BenchmarkTest00883.py",21,21,"app","Any"
"init","testcode/BenchmarkTest00571.py",21,21,"app","Any"
"init","testcode/BenchmarkTest00104.py",21,21,"app","Any"
"init","testcode/BenchmarkTest00730.py",21,21,"app","Any"
"init","testcode/BenchmarkTest01121.py",21,21,"app","Any"
"init","testcode/BenchmarkTest00954.py",21,21,"app","Any"
"init","testcode/BenchmarkTest00586.py",21,21,"app","Any"
"init","testcode/BenchmarkTest01126.py",21,21,"app","Any"
"init","testcode/BenchmarkTest01006.py",21,21,"app","Any"
"init","testcode/BenchmarkTest00657.py",21,21,"app","Any"
"init","testcode/BenchmarkTest01152.py",21,21,"app","Any"
"init","testcode/BenchmarkTest01083.py",21,21,"app","Any"
"init","testcode/BenchmarkTest00258.py",21,21,"app","Any"
"init","testcode/BenchmarkTest00437.py",21,21,"app","Any"
"init","testcode/BenchmarkTest00523.py",21,21,"app","Any"
"init","testcode/BenchmarkTest00217.py",21,21,"app","Any"
"init","testcode/BenchmarkTest00231.py",21,21,"app","Any"
"init","testcode/BenchmarkTest00242.py",21,21,"app","Any"
"init","testcode/BenchmarkTest00890.py",21,21,"app","Any"
"init","testcode/BenchmarkTest01064.py",21,21,"app","Any"
"init","testcode/BenchmarkTest00209.py",21,21,"app","Any"
"init","testcode/BenchmarkTest01210.py",21,21,"app","Any"
"init","testcode/BenchmarkTest00927.py",21,21,"app","Any"
"init","testcode/BenchmarkTest00451.py",21,21,"app","Any"
"init","testcode/BenchmarkTest00867.py",21,21,"app","Any"
"init","testcode/BenchmarkTest01043.py",21,21,"app","Any"
"init","testcode/BenchmarkTest00852.py",21,21,"app","Any"
"init","testcode/BenchmarkTest00920.py",21,21,"app","Any"
"doSomething","helpers/ThingFactory.py",13,13,"self","Any"
"doSomething","helpers/ThingFactory.py",13,13,"x","str"
"doSomething","helpers/ThingFactory.py",18,18,"self","Any"
"doSomething","helpers/ThingFactory.py",18,18,"x","str"
"results","helpers/db_sqlite.py",33,33,"sql","str"
"results","helpers/db_sqlite.py",33,33,"cur","Any"
"listcomp","app.py",27,27,".0","Any"
"listcomp","testcode/BenchmarkTest00676.py",53,53,".0","Any"
"listcomp","testcode/BenchmarkTest01175.py",52,52,".0","Any"
"listcomp","testcode/BenchmarkTest00208.py",56,56,".0","Any"
"listcomp","testcode/BenchmarkTest00368.py",56,56,".0","Any"
"listcomp","testcode/BenchmarkTest00675.py",48,48,".0","Any"
"listcomp","testcode/BenchmarkTest00685.py",57,57,".0","Any"
"listcomp","testcode/BenchmarkTest00303.py",57,57,".0","Any"
"listcomp","testcode/BenchmarkTest00289.py",52,52,".0","Any"
"listcomp","testcode/BenchmarkTest01184.py",47,47,".0","Any"
"listcomp","testcode/BenchmarkTest00379.py",49,49,".0","Any"
"listcomp","testcode/BenchmarkTest00944.py",69,69,".0","Any"
"listcomp","testcode/BenchmarkTest00014.py",61,61,".0","Any"
"listcomp","testcode/BenchmarkTest00111.py",49,49,".0","Any"
"listcomp","testcode/BenchmarkTest00376.py",56,56,".0","Any"
"listcomp","testcode/BenchmarkTest00854.py",55,55,".0","Any"
"listcomp","testcode/BenchmarkTest00197.py",51,51,".0","Any"
"listcomp","testcode/BenchmarkTest00554.py",59,59,".0","Any"
"listcomp","testcode/BenchmarkTest00856.py",57,57,".0","Any"
"listcomp","testcode/BenchmarkTest00542.py",55,55,".0","Any"
"listcomp","testcode/BenchmarkTest00470.py",58,58,".0","Any"
"listcomp","testcode/BenchmarkTest00377.py",60,60,".0","Any"
"listcomp","testcode/BenchmarkTest00681.py",52,52,".0","Any"
"listcomp","testcode/BenchmarkTest00020.py",65,65,".0","Any"
"listcomp","testcode/BenchmarkTest00021.py",61,61,".0","Any"
"listcomp","testcode/BenchmarkTest00846.py",60,60,".0","Any"
"listcomp","testcode/BenchmarkTest01116.py",58,58,".0","Any"
"listcomp","testcode/BenchmarkTest01023.py",58,58,".0","Any"
"listcomp","testcode/BenchmarkTest01226.py",48,48,".0","Any"
"listcomp","testcode/BenchmarkTest01124.py",55,55,".0","Any"
"listcomp","testcode/BenchmarkTest00547.py",57,57,".0","Any"
"listcomp","testcode/BenchmarkTest00110.py",64,64,".0","Any"
"listcomp","testcode/BenchmarkTest01036.py",50,50,".0","Any"
"listcomp","testcode/BenchmarkTest00378.py",62,62,".0","Any"
"listcomp","testcode/BenchmarkTest01038.py",65,65,".0","Any"
"listcomp","testcode/BenchmarkTest00288.py",55,55,".0","Any"
"listcomp","testcode/BenchmarkTest00843.py",57,57,".0","Any"
"listcomp","testcode/BenchmarkTest00463.py",49,49,".0","Any"
"listcomp","testcode/BenchmarkTest00201.py",50,50,".0","Any"
"listcomp","testcode/BenchmarkTest00203.py",65,65,".0","Any"
"listcomp","testcode/BenchmarkTest01125.py",54,54,".0","Any"
"listcomp","testcode/BenchmarkTest00374.py",53,53,".0","Any"
"listcomp","testcode/BenchmarkTest00301.py",58,58,".0","Any"
"listcomp","testcode/BenchmarkTest00465.py",50,50,".0","Any"
"listcomp","testcode/BenchmarkTest00550.py",59,59,".0","Any"
"listcomp","testcode/BenchmarkTest00684.py",53,53,".0","Any"
"listcomp","testcode/BenchmarkTest00555.py",58,58,".0","Any"
"listcomp","testcode/BenchmarkTest00296.py",62,62,".0","Any"
"listcomp","testcode/BenchmarkTest01030.py",54,54,".0","Any"
"listcomp","testcode/BenchmarkTest00553.py",53,53,".0","Any"
"listcomp","testcode/BenchmarkTest00198.py",50,50,".0","Any"
"listcomp","testcode/BenchmarkTest00467.py",52,52,".0","Any"
"listcomp","testcode/BenchmarkTest00472.py",56,56,".0","Any"
"listcomp","testcode/BenchmarkTest00464.py",50,50,".0","Any"
"listcomp","testcode/BenchmarkTest00202.py",49,49,".0","Any"
"listcomp","testcode/BenchmarkTest00375.py",53,53,".0","Any"
"listcomp","testcode/BenchmarkTest00537.py",50,50,".0","Any"
"listcomp","testcode/BenchmarkTest00941.py",63,63,".0","Any"
"listcomp","testcode/BenchmarkTest01034.py",50,50,".0","Any"
"listcomp","testcode/BenchmarkTest00760.py",55,55,".0","Any"
"listcomp","testcode/BenchmarkTest00200.py",49,49,".0","Any"
"listcomp","testcode/BenchmarkTest00762.py",51,51,".0","Any"
"listcomp","testcode/BenchmarkTest00940.py",62,62,".0","Any"
"listcomp","testcode/BenchmarkTest01035.py",51,51,".0","Any"
"listcomp","testcode/BenchmarkTest00016.py",63,63,".0","Any"
"listcomp","testcode/BenchmarkTest01218.py",61,61,".0","Any"
"listcomp","testcode/BenchmarkTest00544.py",61,61,".0","Any"
"listcomp","testcode/BenchmarkTest00107.py",59,59,".0","Any"
"listcomp","testcode/BenchmarkTest00933.py",60,60,".0","Any"
"listcomp","testcode/BenchmarkTest00848.py",61,61,".0","Any"
"listcomp","testcode/BenchmarkTest00290.py",60,60,".0","Any"
"listcomp","testcode/BenchmarkTest00215.py",55,55,".0","Any"
"listcomp","testcode/BenchmarkTest00216.py",52,52,".0","Any"
"listcomp","testcode/BenchmarkTest01039.py",56,56,".0","Any"
"listcomp","testcode/BenchmarkTest00677.py",49,49,".0","Any"
"listcomp","testcode/BenchmarkTest01198.py",54,54,".0","Any"
"listcomp","testcode/BenchmarkTest00683.py",54,54,".0","Any"
"listcomp","testcode/BenchmarkTest01117.py",52,52,".0","Any"
"listcomp","testcode/BenchmarkTest00103.py",51,51,".0","Any"
"listcomp","testcode/BenchmarkTest01028.py",54,54,".0","Any"
"listcomp","testcode/BenchmarkTest00551.py",61,61,".0","Any"
"listcomp","testcode/BenchmarkTest00106.py",50,50,".0","Any"
"listcomp","testcode/BenchmarkTest00112.py",57,57,".0","Any"
"listcomp","testcode/BenchmarkTest00756.py",54,54,".0","Any"
"listcomp","testcode/BenchmarkTest00195.py",55,55,".0","Any"
"listcomp","testcode/BenchmarkTest00022.py",62,62,".0","Any"
"listcomp","testcode/BenchmarkTest00193.py",54,54,".0","Any"
"listcomp","testcode/BenchmarkTest00686.py",53,53,".0","Any"
"listcomp","testcode/BenchmarkTest01225.py",46,46,".0","Any"
"listcomp","testcode/BenchmarkTest00758.py",54,54,".0","Any"
"listcomp","testcode/BenchmarkTest01031.py",53,53,".0","Any"
"listcomp","testcode/BenchmarkTest00373.py",51,51,".0","Any"
"listcomp","testcode/BenchmarkTest00939.py",60,60,".0","Any"
"listcomp","testcode/BenchmarkTest00855.py",67,67,".0","Any"
"listcomp","testcode/BenchmarkTest00943.py",58,58,".0","Any"
"listcomp","testcode/BenchmarkTest00372.py",56,56,".0","Any"
"listcomp","testcode/BenchmarkTest00857.py",53,53,".0","Any"
"listcomp","testcode/BenchmarkTest00682.py",55,55,".0","Any"
"listcomp","testcode/BenchmarkTest00847.py",60,60,".0","Any"
"listcomp","testcode/BenchmarkTest00845.py",56,56,".0","Any"
"listcomp","testcode/BenchmarkTest00536.py",51,51,".0","Any"
"listcomp","testcode/BenchmarkTest00934.py",64,64,".0","Any"
"listcomp","testcode/BenchmarkTest00023.py",57,57,".0","Any"
"listcomp","testcode/BenchmarkTest00680.py",49,49,".0","Any"
"listcomp","testcode/BenchmarkTest00935.py",62,62,".0","Any"
"listcomp","testcode/BenchmarkTest00534.py",53,53,".0","Any"
"listcomp","testcode/BenchmarkTest00298.py",55,55,".0","Any"
"listcomp","testcode/BenchmarkTest00213.py",55,55,".0","Any"
"listcomp","testcode/BenchmarkTest01217.py",61,61,".0","Any"
"listcomp","testcode/BenchmarkTest00019.py",58,58,".0","Any"
"listcomp","testcode/BenchmarkTest01032.py",61,61,".0","Any"
"listcomp","testcode/BenchmarkTest00302.py",62,62,".0","Any"
"listcomp","testcode/BenchmarkTest00929.py",73,73,".0","Any"
"listcomp","testcode/BenchmarkTest00543.py",52,52,".0","Any"
"listcomp","testcode/BenchmarkTest00300.py",55,55,".0","Any"
"listcomp","testcode/BenchmarkTest00371.py",57,57,".0","Any"
"listcomp","testcode/BenchmarkTest00370.py",51,51,".0","Any"
"listcomp","testcode/BenchmarkTest01027.py",51,51,".0","Any"
"listcomp","testcode/BenchmarkTest00761.py",51,51,".0","Any"
"listcomp","testcode/BenchmarkTest00468.py",58,58,".0","Any"
"listcomp","testcode/BenchmarkTest00942.py",67,67,".0","Any"
"listcomp","testcode/BenchmarkTest00844.py",53,53,".0","Any"
"listcomp","testcode/BenchmarkTest00457.py",53,53,".0","Any"
"listcomp","testcode/BenchmarkTest00105.py",53,53,".0","Any"
"listcomp","testcode/BenchmarkTest00113.py",55,55,".0","Any"
"listcomp","testcode/BenchmarkTest01037.py",60,60,".0","Any"
"listcomp","testcode/BenchmarkTest00932.py",64,64,".0","Any"
"listcomp","testcode/BenchmarkTest01118.py",50,50,".0","Any"
"listcomp","testcode/BenchmarkTest01204.py",46,46,".0","Any"
"listcomp","testcode/BenchmarkTest00456.py",54,54,".0","Any"
"listcomp","testcode/BenchmarkTest00214.py",59,59,".0","Any"
"listcomp","testcode/BenchmarkTest00928.py",73,73,".0","Any"
"listcomp","testcode/BenchmarkTest00466.py",48,48,".0","Any"
"listcomp","testcode/BenchmarkTest01119.py",53,53,".0","Any"
"listcomp","testcode/BenchmarkTest00763.py",59,59,".0","Any"
"listcomp","testcode/BenchmarkTest01022.py",52,52,".0","Any"
"listcomp","testcode/BenchmarkTest00548.py",53,53,".0","Any"
"listcomp","testcode/BenchmarkTest00936.py",64,64,".0","Any"
"listcomp","testcode/BenchmarkTest00304.py",60,60,".0","Any"
"listcomp","testcode/BenchmarkTest00102.py",54,54,".0","Any"
"listcomp","testcode/BenchmarkTest00369.py",56,56,".0","Any"
"listcomp","testcode/BenchmarkTest00687.py",54,54,".0","Any"
"listcomp","testcode/BenchmarkTest00207.py",59,59,".0","Any"
"listcomp","testcode/BenchmarkTest00546.py",52,52,".0","Any"
"listcomp","testcode/BenchmarkTest00469.py",49,49,".0","Any"
"listcomp","testcode/BenchmarkTest01123.py",55,55,".0","Any"
"listcomp","testcode/BenchmarkTest00211.py",52,52,".0","Any"
"listcomp","testcode/BenchmarkTest00018.py",54,54,".0","Any"
"listcomp","testcode/BenchmarkTest00858.py",60,60,".0","Any"
"listcomp","testcode/BenchmarkTest00535.py",60,60,".0","Any"
"listcomp","testcode/BenchmarkTest00552.py",66,66,".0","Any"
"listcomp","testcode/BenchmarkTest00757.py",51,51,".0","Any"
"listcomp","testcode/BenchmarkTest00210.py",53,53,".0","Any"
"listcomp","testcode/BenchmarkTest00849.py",58,58,".0","Any"
"listcomp","testcode/BenchmarkTest00545.py",54,54,".0","Any"
"listcomp","testcode/BenchmarkTest00458.py",55,55,".0","Any"
"listcomp","testcode/BenchmarkTest00295.py",56,56,".0","Any"
"listcomp","testcode/BenchmarkTest01026.py",50,50,".0","Any"
"listcomp","testcode/BenchmarkTest01033.py",57,57,".0","Any"
"listcomp","testcode/BenchmarkTest00024.py",66,66,".0","Any"
"listcomp","testcode/BenchmarkTest00937.py",58,58,".0","Any"
"listcomp","testcode/BenchmarkTest00853.py",58,58,".0","Any"
"listcomp","testcode/BenchmarkTest00108.py",53,53,".0","Any"
"listcomp","testcode/BenchmarkTest01029.py",60,60,".0","Any"
"listcomp","testcode/BenchmarkTest00196.py",59,59,".0","Any"
"listcomp","testcode/BenchmarkTest00938.py",63,63,".0","Any"
"listcomp","testcode/BenchmarkTest00013.py",60,60,".0","Any"
"listcomp","testcode/BenchmarkTest00015.py",61,61,".0","Any"
"listcomp","testcode/BenchmarkTest00471.py",64,64,".0","Any"
"listcomp","testcode/BenchmarkTest00101.py",58,58,".0","Any"
"listcomp","testcode/BenchmarkTest00674.py",54,54,".0","Any"
"listcomp","testcode/BenchmarkTest00199.py",47,47,".0","Any"
"listcomp","testcode/BenchmarkTest00380.py",51,51,".0","Any"
"listcomp","testcode/BenchmarkTest00212.py",51,51,".0","Any"
"listcomp","testcode/BenchmarkTest01120.py",59,59,".0","Any"
"listcomp","testcode/BenchmarkTest00194.py",53,53,".0","Any"
"listcomp","testcode/BenchmarkTest00299.py",57,57,".0","Any"
"listcomp","testcode/BenchmarkTest00109.py",54,54,".0","Any"
"listcomp","testcode/BenchmarkTest00549.py",55,55,".0","Any"
"listcomp","testcode/BenchmarkTest00764.py",60,60,".0","Any"
"listcomp","testcode/BenchmarkTest00297.py",58,58,".0","Any"
"listcomp","testcode/BenchmarkTest00104.py",55,55,".0","Any"
"listcomp","testcode/BenchmarkTest01121.py",55,55,".0","Any"
"listcomp","testcode/BenchmarkTest00217.py",61,61,".0","Any"
"listcomp","testcode/BenchmarkTest00209.py",52,52,".0","Any"
"listcomp","testcode/BenchmarkTest00927.py",55,55,".0","Any"
"listcomp","testcode/BenchmarkTest00852.py",53,53,".0","Any"
"commandOutput","helpers/utils.py",61,61,"proc","Attribute"
"get_form_parameter","helpers/separate_request.py",9,9,"name","str"
"get_form_parameter","helpers/separate_request.py",9,9,"self","Any"
"get_query_parameter","helpers/separate_request.py",12,12,"name","str"
"get_query_parameter","helpers/separate_request.py",12,12,"self","Any"
"get_safe_value","helpers/separate_request.py",18,18,"name","str"
"get_safe_value","helpers/separate_request.py",18,18,"self","Any"
"lambda","app.py",27,27,"str","Any"
"genexpr","helpers/db_sqlite.py",47,47,".0","Any"
"show_page","app.py",37,37,"mypath","str"
"get_cookie","helpers/separate_request.py",15,15,"name","str"
"get_cookie","helpers/separate_request.py",15,15,"self","Any"
"get_parameter","helpers/utils.py",77,77,"request","Any"
"get_parameter","helpers/utils.py",77,77,"param","Any"
"get_parameter_list","helpers/utils.py",83,83,"request","Any"
"get_parameter_list","helpers/utils.py",83,83,"param","Any"
